total_meetings,lead_score,customer_sentiment,buying_intent,relationship_strength,budget_status,decision_maker_involvement,customer_urgency,product_interest_level,meeting_outcome,competitor_mention,engagement_score,implementation_readiness,upsell_opportunity,deal_score,objection_budget_not_allocated,objection_competitor_preference,objection_lack_of_internal_buy_in,objection_long_implementation_time,objection_missing_features,objection_no_urgent_business_need,objection_poor_past_experience_support,objection_price_too_high,objection_security_compliance_concerns,objection_unfavorable_contract_terms,num_objections,customer_requirements_API / Technical Integration,customer_requirements_Basic Feature Set,customer_requirements_Compliance-driven Requirements,customer_requirements_Customized Integration,customer_requirements_Enterprise-grade Security,customer_requirements_Multi-department Rollout,customer_requirements_Scalable Infrastructure,customer_requirements_Standard Package,risk_factors_Budget Constraints,risk_factors_Competitor Pressure,risk_factors_Economic Uncertainty,risk_factors_Internal Politics,risk_factors_No Risk Identified,risk_factors_Stakeholder Turnover,risk_factors_Technical Concerns,risk_factors_Timeline Conflict
6,25.9,1,2,8,0,2,1,3,3,1,0.9443298969072164,3,0,45,1,1,0,0,1,0,0,0,1,0,4,0,0,0,0,1,0,0,0,0,0,1,0,0,0,0,0
5,6.7,2,1,5,2,1,1,1,0,0,0.16494845360824742,0,0,38,0,0,1,1,1,1,0,0,0,0,4,1,0,0,0,0,0,0,0,0,0,0,0,1,0,0,0
10,86.0,2,2,10,3,1,2,4,2,0,0.781443298969072,1,1,67,0,0,0,0,0,0,0,0,0,1,1,0,0,0,0,0,0,0,1,0,0,0,0,1,0,0,0
9,74.0,1,1,3,2,1,1,2,2,0,0.1670103092783505,1,0,44,0,0,0,1,1,0,0,0,0,0,2,0,0,0,0,0,0,1,0,0,0,0,0,1,0,0,0
8,79.7,0,1,8,3,2,1,3,2,0,0.3628865979381444,3,0,59,0,0,0,0,0,0,0,0,0,0,0,0,0,0,1,0,0,0,0,0,0,0,0,1,0,0,0
7,4.0,1,1,7,1,1,3,1,1,1,0.08247422680412371,2,0,27,0,1,0,0,1,0,0,0,0,0,2,0,0,0,1,0,0,0,0,0,0,0,0,0,1,0,0
13,62.0,1,3,2,1,0,2,4,3,1,0.9762886597938144,3,1,42,1,1,0,0,0,0,0,1,0,0,3,0,1,0,0,0,0,0,0,0,1,0,0,0,0,0,0
7,4.7,1,1,3,1,0,2,1,1,0,0.31443298969072164,2,0,41,0,0,0,0,0,0,0,0,0,0,0,1,0,0,0,0,0,0,0,0,0,0,0,1,0,0,0
5,83.1,2,3,4,2,2,2,4,2,0,0.8381443298969071,2,1,72,0,0,0,0,0,0,0,0,0,0,0,0,0,0,1,0,0,0,0,0,0,0,0,1,0,0,0
9,72.6,2,3,3,1,1,2,4,4,1,0.7237113402061855,2,0,43,1,1,0,0,0,1,0,1,0,0,4,0,1,0,0,0,0,0,0,0,0,0,1,0,0,0,0
6,13.8,2,2,7,2,1,2,3,3,0,0.6670103092783505,3,0,61,0,0,0,0,0,0,0,0,0,0,0,0,0,0,0,0,0,1,0,1,0,0,0,0,0,0,0
8,85.8,2,3,8,2,2,4,3,4,0,0.91340206185567,0,0,87,0,0,0,1,0,0,0,0,0,0,1,0,0,0,1,0,0,0,0,0,0,0,0,1,0,0,0
3,75.2,2,2,9,3,2,1,2,2,1,0.6721649484536082,3,0,73,0,1,0,0,0,0,0,0,0,1,2,0,0,0,0,0,0,0,1,0,0,0,0,1,0,0,0
7,49.0,2,2,10,3,2,3,2,3,1,0.8927835051546391,3,1,84,0,1,0,0,0,0,0,0,0,0,1,0,0,0,0,0,0,0,1,0,0,0,0,1,0,0,0
7,97.0,1,3,5,0,1,4,3,3,0,0.8989690721649485,2,1,49,0,0,0,0,0,0,0,0,0,1,1,0,1,0,0,0,0,0,0,0,0,0,0,1,0,0,0
6,43.7,2,3,8,0,1,3,3,3,0,0.9670103092783504,3,1,58,0,0,0,0,0,0,0,0,0,0,0,0,0,0,0,0,0,0,1,0,0,0,0,1,0,0,0
9,9.8,0,1,1,0,0,3,1,1,0,0.6371134020618556,2,0,31,1,0,0,0,1,0,0,0,0,0,2,0,0,0,0,0,0,0,1,1,0,0,0,0,0,0,0
2,43.9,1,2,3,0,2,2,2,0,1,0.6020618556701031,0,1,24,1,0,0,0,0,0,0,1,0,0,2,0,0,0,0,0,1,0,0,1,0,0,0,0,0,0,0
3,19.5,1,2,8,3,2,2,4,2,0,0.5,1,0,65,0,0,0,0,1,0,0,0,0,0,1,0,0,0,0,0,0,0,1,0,0,0,0,1,0,0,0
7,13.3,0,2,3,1,0,4,3,2,0,0.8876288659793813,3,0,39,0,0,1,0,1,0,0,0,0,0,2,0,0,0,0,0,0,0,1,0,0,1,0,0,0,0,0
13,93.3,1,3,4,3,2,2,4,2,0,0.36082474226804123,3,0,73,0,0,0,0,0,1,0,1,0,0,2,0,1,0,0,0,0,0,0,0,0,0,0,1,0,0,0
5,47.1,0,3,3,3,1,3,2,0,1,0.0030927835051546386,2,0,46,0,0,1,0,0,0,0,0,0,0,1,0,0,0,0,1,0,0,0,0,0,0,0,1,0,0,0
5,49.3,0,2,1,3,0,3,2,0,0,0.4938144329896907,1,0,54,0,0,0,0,0,0,0,0,0,0,0,1,0,0,0,0,0,0,0,0,0,0,0,1,0,0,0
4,65.5,1,2,6,1,1,3,4,1,1,0.8474226804123711,1,0,39,0,0,0,0,0,0,0,0,0,0,0,1,0,0,0,0,0,0,0,0,0,0,1,0,0,0,0
7,55.8,2,1,10,2,2,1,1,4,0,0.5072164948453608,0,0,55,0,0,0,0,0,0,0,0,0,1,1,0,0,0,1,0,0,0,0,0,0,0,0,1,0,0,0
10,89.3,1,2,4,2,1,1,4,4,0,0.9876288659793814,2,0,55,0,0,1,0,0,1,0,0,0,0,2,0,0,0,0,0,1,0,0,0,0,0,0,0,1,0,0
3,60.6,0,1,8,1,0,1,1,0,1,0.7329896907216493,1,0,30,0,0,0,1,0,0,0,0,0,0,1,0,0,0,1,0,0,0,0,0,1,0,0,0,0,0,0
6,59.3,1,2,3,2,2,4,3,2,0,0.27422680412371137,0,0,66,0,0,0,0,0,0,0,0,0,0,0,0,0,0,0,0,0,0,1,1,0,0,0,0,0,0,0
9,5.6,1,2,2,0,1,2,2,2,0,0.4381443298969072,0,0,30,1,0,0,0,1,1,0,1,0,0,4,0,0,0,0,0,0,0,1,0,0,0,0,0,1,0,0
5,24.1,1,1,5,2,0,3,1,1,0,0.12989690721649483,2,0,44,0,0,0,0,0,0,0,0,0,0,0,0,1,0,0,0,0,0,0,1,0,0,0,0,0,0,0
7,77.4,1,2,6,2,2,1,3,3,0,0.7731958762886597,2,0,60,0,0,0,0,1,0,0,1,0,0,2,1,0,0,0,0,0,0,0,0,0,0,0,0,0,1,0
4,98.9,1,1,8,3,2,2,2,1,0,0.3061855670103093,2,0,60,0,0,0,0,0,0,0,0,0,0,0,0,0,0,0,0,0,0,1,0,0,0,0,1,0,0,0
6,42.8,2,2,8,1,1,2,4,2,1,0.3443298969072165,3,1,53,1,0,0,0,0,0,0,1,1,0,3,0,0,0,0,0,0,0,1,0,0,0,0,1,0,0,0
3,77.8,2,1,9,3,2,3,2,2,0,0.36391752577319586,3,0,66,0,0,0,0,0,0,0,0,1,0,1,0,0,1,0,0,0,0,0,0,0,0,0,1,0,0,0
12,93.2,2,3,5,3,2,4,4,3,0,0.9536082474226804,2,1,84,0,0,0,0,0,0,0,0,0,0,0,0,0,0,1,0,0,0,0,0,0,0,0,1,0,0,0
11,56.9,1,1,8,2,1,2,1,2,1,0.924742268041237,2,1,56,0,0,0,0,0,0,0,0,0,0,0,0,0,0,0,1,0,0,0,0,0,0,0,1,0,0,0
9,90.1,1,3,6,2,1,4,3,1,0,0.5783505154639175,0,1,57,0,0,0,1,0,0,0,0,0,0,1,0,0,1,0,0,0,0,0,0,0,0,0,1,0,0,0
8,88.3,1,2,4,0,1,2,3,2,1,0.33608247422680415,2,0,40,0,0,0,0,0,0,0,1,0,0,1,0,0,0,0,1,0,0,0,0,0,0,0,1,0,0,0
8,10.3,1,2,9,2,1,3,1,1,0,0.51340206185567,3,0,56,0,0,0,0,0,0,0,0,0,0,0,0,0,0,1,0,0,0,0,0,0,0,0,1,0,0,0
7,24.0,1,3,8,1,1,4,2,1,0,0.422680412371134,3,0,40,0,0,0,0,0,0,0,0,0,0,0,0,0,0,0,1,0,0,0,0,0,0,0,1,0,0,0
5,33.7,0,3,3,3,0,1,3,0,0,0.4670103092783505,2,1,44,0,0,1,0,0,0,0,0,0,0,1,0,0,0,1,0,0,0,0,0,0,0,0,1,0,0,0
4,34.8,0,2,3,2,0,2,3,0,0,0.556701030927835,3,0,54,0,0,0,0,0,0,0,0,0,0,0,0,0,0,0,0,0,0,1,0,0,0,0,1,0,0,0
5,74.8,0,3,3,3,1,1,4,3,0,0.5020618556701031,2,0,62,0,0,0,0,0,1,1,0,0,0,2,0,0,0,0,0,0,1,0,0,0,0,0,1,0,0,0
4,53.4,2,2,10,2,2,1,4,4,0,0.7422680412371133,3,0,80,0,0,0,0,0,0,0,0,0,0,0,0,0,0,0,0,0,0,1,0,0,0,0,1,0,0,0
7,72.5,1,2,1,0,0,2,3,2,0,0.08969072164948454,3,1,39,0,0,0,0,0,1,0,1,0,0,2,0,0,0,0,0,1,0,0,0,0,0,0,0,1,0,0
12,85.1,2,1,6,2,2,2,2,4,0,0.7268041237113402,1,0,67,0,0,0,0,0,0,0,0,0,0,0,1,0,0,0,0,0,0,0,0,0,0,0,1,0,0,0
2,14.5,2,3,6,2,2,1,4,2,0,0.21443298969072164,0,1,51,0,0,0,1,0,1,0,0,0,0,2,0,0,0,1,0,0,0,0,0,0,0,0,1,0,0,0
3,59.7,2,3,8,3,2,2,3,3,1,0.8061855670103093,3,1,89,0,0,0,0,0,0,0,0,0,0,0,0,0,0,0,0,0,1,0,0,0,0,0,1,0,0,0
7,64.5,2,2,10,3,2,2,3,3,0,0.4484536082474227,1,0,71,0,0,0,1,1,0,0,0,1,0,3,0,0,1,0,0,0,0,0,0,0,0,0,1,0,0,0
7,58.8,1,2,4,3,2,3,1,1,0,0.7206185567010309,3,1,68,0,0,0,0,0,0,0,0,0,0,0,0,0,0,0,0,1,0,0,0,0,0,0,1,0,0,0
4,27.9,0,2,5,0,1,1,3,2,0,0.30515463917525776,1,1,41,1,0,0,0,0,1,0,0,0,0,2,0,0,0,0,0,0,0,1,0,0,0,1,0,0,0,0
9,87.3,2,3,8,3,2,2,3,4,0,0.2618556701030928,3,1,92,0,0,0,0,0,0,0,0,0,0,0,0,0,0,0,0,0,1,0,0,0,0,0,1,0,0,0
5,84.2,1,3,9,2,2,3,4,3,0,0.44742268041237115,2,1,72,0,0,0,0,0,0,0,0,0,0,0,0,0,0,0,0,0,1,0,0,0,0,0,1,0,0,0
10,62.6,2,2,6,2,1,4,2,4,0,0.768041237113402,3,0,65,0,0,0,0,1,0,0,0,0,1,2,0,0,0,1,0,0,0,0,0,0,0,0,1,0,0,0
7,87.0,2,3,9,2,2,3,4,4,0,0.911340206185567,1,1,90,0,0,0,0,0,0,0,0,0,0,0,1,0,0,0,0,0,0,0,0,0,0,0,1,0,0,0
6,87.4,2,2,8,3,2,2,3,4,0,0.6649484536082474,2,1,89,0,0,0,0,0,0,0,0,0,0,0,0,0,0,0,0,0,1,0,0,0,0,0,1,0,0,0
5,7.9,0,2,2,2,0,3,2,0,0,0.009278350515463916,0,0,43,0,0,0,0,0,0,0,0,0,0,0,0,1,0,0,0,0,0,0,0,0,0,0,1,0,0,0
8,66.1,2,2,6,2,2,4,4,3,1,0.5360824742268041,1,1,62,0,0,0,0,0,0,1,0,0,0,1,0,0,0,0,0,1,0,0,1,0,0,0,0,0,0,0
10,41.0,2,2,9,1,2,1,4,4,0,0.4123711340206186,0,1,58,0,0,0,0,0,0,0,0,0,0,0,0,0,0,1,0,0,0,0,0,0,0,0,1,0,0,0
6,76.8,1,2,10,2,2,1,3,3,0,0.8340206185567011,0,1,70,0,0,0,1,0,0,0,0,0,0,1,0,0,0,1,0,0,0,0,0,0,0,0,1,0,0,0
4,65.0,0,2,1,3,0,2,3,1,0,0.02474226804123712,2,1,42,0,0,1,0,1,0,0,0,0,0,2,0,0,0,0,1,0,0,0,0,0,1,0,0,0,0,0
4,31.9,0,2,4,1,2,1,3,2,0,0.611340206185567,3,0,54,0,0,0,0,0,1,0,1,0,0,2,0,1,0,0,0,0,0,0,0,0,0,0,1,0,0,0
8,21.0,2,3,8,2,2,4,2,3,1,0.6278350515463917,1,0,77,0,1,0,0,0,0,0,0,0,0,1,0,0,0,0,0,0,1,0,0,0,0,0,1,0,0,0
7,93.4,0,3,8,2,1,2,3,4,0,0.42061855670103093,3,1,69,0,0,0,0,0,0,0,0,0,0,0,0,0,0,0,0,1,0,0,0,0,1,0,0,0,0,0
9,84.6,1,2,3,0,1,2,4,3,1,0.34639175257731963,0,0,37,0,1,0,0,0,0,0,0,0,0,1,0,1,0,0,0,0,0,0,0,1,0,0,0,0,0,0
4,25.5,1,2,8,0,2,3,2,2,0,0.2793814432989691,1,0,35,0,0,0,1,1,0,0,0,1,0,3,1,0,0,0,0,0,0,0,0,0,0,0,1,0,0,0
7,59.2,2,3,6,1,1,2,3,4,1,0.16391752577319585,1,1,50,0,0,0,1,0,1,0,1,0,0,3,0,0,1,0,0,0,0,0,0,0,0,0,0,1,0,0
5,31.1,0,3,4,1,0,3,1,0,0,0.802061855670103,0,0,26,1,0,0,1,0,0,0,0,1,0,3,0,0,0,0,1,0,0,0,0,0,0,1,0,0,0,0
10,80.4,0,2,9,2,1,2,3,3,1,0.656701030927835,2,0,57,0,1,0,0,0,0,0,0,0,0,1,0,0,1,0,0,0,0,0,0,0,0,0,0,0,1,0
6,68.1,2,3,9,1,2,4,3,4,0,0.27835051546391754,0,0,58,1,0,0,1,0,0,0,0,0,0,2,0,0,0,1,0,0,0,0,0,0,0,0,1,0,0,0
5,3.9,2,1,8,1,2,1,1,1,1,0.46082474226804127,3,0,41,0,0,0,0,1,0,0,0,0,0,1,0,0,0,0,0,0,0,1,1,0,0,0,0,0,0,0
6,94.2,1,2,8,2,1,1,3,3,0,0.6463917525773195,0,0,57,0,0,0,0,0,0,0,0,0,0,0,0,0,0,0,0,0,0,1,0,0,0,0,1,0,0,0
4,97.9,1,1,6,3,2,1,2,2,0,0.09278350515463918,0,0,50,0,0,0,0,0,0,0,0,0,0,0,0,0,1,0,0,0,0,0,0,0,0,0,1,0,0,0
5,67.8,2,1,8,3,2,1,4,4,0,0.9721649484536081,2,1,74,0,0,0,0,0,0,0,0,0,0,0,1,0,0,0,0,0,0,0,0,0,0,0,1,0,0,0
8,58.9,1,2,1,2,2,3,1,4,0,0.43608247422680413,2,1,64,0,0,0,0,0,0,0,0,0,0,0,1,0,0,0,0,0,0,0,0,0,0,0,0,0,1,0
6,50.5,1,3,4,0,1,2,4,3,1,0.588659793814433,2,0,37,0,0,0,0,0,0,0,1,0,0,1,0,0,0,0,0,0,0,1,0,1,0,0,0,0,0,0
5,32.8,0,3,4,2,1,2,3,3,1,0.26597938144329897,3,1,65,0,1,0,0,0,0,0,0,0,0,1,0,1,0,0,0,0,0,0,0,0,0,0,1,0,0,0
8,84.9,2,3,8,2,1,1,3,3,1,0.9639175257731958,3,0,72,0,0,0,0,1,0,0,0,1,0,2,0,1,0,0,0,0,0,0,0,0,0,0,1,0,0,0
5,90.7,2,2,9,3,2,1,1,4,1,0.9711340206185567,2,0,62,0,1,0,0,0,0,0,0,0,0,1,0,0,0,0,0,1,0,0,0,1,0,0,0,0,0,0
4,7.0,0,1,1,0,0,3,1,0,1,0.09690721649484536,3,0,26,1,0,0,0,0,0,0,0,0,0,1,0,0,0,0,1,0,0,0,0,1,0,0,0,0,0,0
7,13.2,1,1,5,1,1,3,1,2,1,0.21649484536082472,0,0,18,0,0,0,1,0,0,0,0,0,0,1,0,0,1,0,0,0,0,0,0,0,0,0,0,0,1,0
6,69.2,2,1,8,2,2,4,1,0,0,0.020618556701030927,0,1,57,0,0,0,0,1,0,0,0,0,0,1,0,0,0,0,0,0,1,0,0,0,0,0,1,0,0,0
7,61.1,2,2,7,1,2,2,2,3,1,0.17835051546391753,2,1,54,1,0,0,0,0,0,0,0,0,0,1,0,0,0,0,0,1,0,0,0,0,0,0,1,0,0,0
3,82.2,2,1,3,1,1,2,1,2,0,0.03814432989690722,0,0,43,0,0,0,1,1,0,0,0,0,0,2,1,0,0,0,0,0,0,0,0,0,0,0,1,0,0,0
5,6.1,0,2,5,3,1,4,2,1,0,0.5288659793814432,3,0,60,0,0,0,0,0,0,0,0,0,0,0,0,0,0,0,0,0,1,0,0,0,0,0,1,0,0,0
8,19.2,1,2,3,1,0,3,3,3,0,0.42577319587628865,0,1,36,1,0,0,1,0,0,0,0,0,1,3,0,0,1,0,0,0,0,0,0,0,0,0,1,0,0,0
3,21.9,0,1,1,3,0,2,1,0,1,0.00824742268041237,3,0,30,0,0,0,0,0,0,0,0,0,0,0,0,0,1,0,0,0,0,0,0,0,0,0,0,1,0,0
7,61.8,0,1,5,3,1,2,2,1,1,0.7402061855670102,3,0,49,0,1,1,0,0,0,0,0,0,1,3,0,1,0,0,0,0,0,0,0,0,0,0,1,0,0,0
5,66.4,1,2,7,3,0,3,2,1,0,0.28453608247422685,2,0,54,0,0,0,0,1,0,0,0,0,0,1,0,0,0,0,1,0,0,0,0,0,0,0,1,0,0,0
3,46.5,1,3,6,2,1,2,4,2,0,0.5319587628865979,2,1,67,0,0,0,0,0,1,0,0,0,0,1,0,0,0,0,0,0,1,0,0,0,0,0,1,0,0,0
5,94.2,2,1,6,2,1,3,3,3,1,0.4587628865979382,2,1,72,0,0,0,0,0,0,0,0,0,0,0,0,1,0,0,0,0,0,0,0,0,0,0,1,0,0,0
8,50.6,0,1,3,3,1,4,1,1,1,0.7216494845360825,0,0,43,0,1,0,0,0,0,0,0,1,1,3,0,0,0,0,0,0,1,0,0,1,0,0,0,0,0,0
4,83.2,1,1,4,1,1,2,3,0,1,0.28350515463917525,2,1,41,0,0,0,0,1,0,0,0,1,0,2,0,0,1,0,0,0,0,0,0,0,0,0,1,0,0,0
4,26.4,1,1,2,3,0,1,2,0,0,0.05463917525773196,1,0,42,0,0,0,0,1,0,1,0,1,0,3,0,0,0,0,1,0,0,0,0,0,0,0,1,0,0,0
6,74.9,1,2,3,3,0,1,1,1,0,0.38453608247422677,3,0,47,0,0,0,0,0,1,0,0,0,0,1,0,0,0,0,0,0,1,0,0,0,0,0,0,1,0,0
8,21.6,1,1,3,0,0,1,2,3,0,0.22474226804123712,3,0,39,1,0,1,0,1,0,0,1,0,0,4,0,1,0,0,0,0,0,0,0,0,0,0,0,1,0,0
4,51.6,1,2,8,3,2,2,2,2,0,0.2515463917525773,2,0,56,0,0,0,0,0,1,1,0,0,0,2,0,0,1,0,0,0,0,0,0,0,0,0,0,0,1,0
6,88.6,0,3,2,2,0,3,2,2,0,0.1020618556701031,2,1,51,0,0,1,0,0,0,0,1,0,0,2,1,0,0,0,0,0,0,0,1,0,0,0,0,0,0,0
4,53.3,2,1,6,3,2,3,3,3,1,0.23505154639175255,0,1,47,0,1,0,1,0,0,0,0,0,0,2,0,0,1,0,0,0,0,0,0,0,0,0,0,0,1,0
4,17.5,0,2,3,0,0,3,1,0,0,0.31030927835051547,0,0,15,0,0,1,1,0,0,0,0,0,0,2,0,0,1,0,0,0,0,0,0,0,0,0,1,0,0,0
10,63.6,0,2,4,0,1,2,1,1,1,0.6886597938144329,3,1,40,0,0,0,0,0,0,1,0,0,0,1,0,0,0,1,0,0,0,0,0,1,0,0,0,0,0,0
10,98.5,2,3,9,2,2,4,4,4,0,0.454639175257732,3,0,86,0,0,0,0,0,0,0,1,0,0,1,0,1,0,0,0,0,0,0,0,0,1,0,0,0,0,0
5,15.3,0,3,3,1,0,3,3,1,0,0.050515463917525774,2,1,36,0,0,0,0,0,0,0,0,0,1,1,0,0,0,0,1,0,0,0,0,0,0,0,0,1,0,0
15,31.8,0,3,6,1,1,4,3,2,0,0.5731958762886598,0,1,39,0,0,0,0,1,0,0,0,0,1,2,0,0,0,0,0,1,0,0,0,0,0,1,0,0,0,0
6,34.2,0,1,1,2,0,2,1,0,1,0.25876288659793817,0,0,18,0,1,0,0,0,0,0,0,1,0,2,0,0,0,0,1,0,0,0,0,0,0,0,1,0,0,0
4,25.0,0,3,1,0,0,3,4,0,0,0.08659793814432991,1,1,42,0,0,0,0,0,0,0,1,0,0,1,0,1,0,0,0,0,0,0,0,0,0,0,1,0,0,0
7,52.6,2,1,10,3,2,2,3,4,0,0.7092783505154638,1,1,67,0,0,0,0,0,0,0,0,0,1,1,0,0,0,0,0,1,0,0,0,0,0,0,1,0,0,0
3,42.7,0,1,3,1,1,3,2,3,0,0.8494845360824742,0,0,44,0,0,0,0,0,0,0,0,0,0,0,0,1,0,0,0,0,0,0,0,0,0,0,1,0,0,0
9,95.0,1,2,8,1,1,1,3,3,0,0.9556701030927834,3,0,56,1,0,0,0,0,0,0,0,0,0,1,0,0,0,0,0,0,0,1,0,0,1,0,0,0,0,0
3,73.8,0,3,2,3,0,3,4,1,0,0.36701030927835054,2,1,49,0,0,1,0,0,0,0,0,0,0,1,1,0,0,0,0,0,0,0,0,0,0,0,0,1,0,0
10,38.4,0,2,1,2,0,3,3,1,0,0.08041237113402062,2,1,35,0,0,0,0,0,0,1,0,0,0,1,1,0,0,0,0,0,0,0,0,0,0,0,1,0,0,0
3,37.4,0,2,2,1,0,2,3,0,0,0.4144329896907217,2,0,39,1,0,0,0,0,0,0,0,1,0,2,0,0,0,1,0,0,0,0,0,0,0,0,1,0,0,0
8,45.9,2,1,8,1,2,1,1,4,1,0.7329896907216493,2,0,49,0,1,0,0,0,0,0,0,0,1,2,0,0,0,0,0,1,0,0,0,0,1,0,0,0,0,0
8,86.2,2,2,9,2,2,3,3,4,0,0.5463917525773195,0,0,66,0,0,0,1,0,0,0,0,0,0,1,0,0,0,0,1,0,0,0,0,0,0,0,1,0,0,0
12,80.8,2,2,8,2,1,1,1,4,0,0.9896907216494845,3,0,59,0,0,0,0,1,0,0,0,0,0,1,1,0,0,0,0,0,0,0,0,0,0,0,1,0,0,0
9,91.0,2,2,9,2,2,2,3,4,1,0.779381443298969,2,0,74,0,0,0,0,0,0,0,0,0,0,0,0,0,0,0,0,0,1,0,0,0,0,0,1,0,0,0
10,77.0,2,1,6,3,2,2,3,4,1,0.8319587628865979,1,1,64,0,1,0,0,1,0,0,0,0,0,2,0,0,0,1,0,0,0,0,0,0,0,0,0,0,1,0
6,46.1,0,3,3,0,1,2,4,1,0,0.31752577319587627,3,0,57,0,0,0,0,0,1,0,0,0,0,1,0,0,0,0,0,0,0,1,0,0,0,0,0,1,0,0
5,69.4,2,1,9,1,2,1,3,1,0,0.7618556701030927,0,0,45,0,0,0,1,0,0,0,0,0,0,1,0,0,1,0,0,0,0,0,0,0,0,0,1,0,0,0
7,35.7,2,1,9,3,2,1,1,1,0,0.03505154639175258,2,1,48,0,0,0,0,1,0,0,0,0,0,1,0,0,0,0,0,1,0,0,0,0,0,0,0,0,1,0
3,45.7,1,1,5,0,1,1,1,0,1,0.3690721649484536,3,0,34,1,0,1,0,0,1,0,0,0,0,3,0,1,0,0,0,0,0,0,0,1,0,0,0,0,0,0
5,41.6,2,2,7,3,1,3,2,4,1,0.40927835051546396,2,0,74,0,0,0,0,0,0,0,0,0,0,0,0,0,0,0,0,0,0,1,0,0,0,0,1,0,0,0
6,40.3,0,3,4,3,0,4,3,2,1,0.6360824742268041,2,0,54,0,1,0,0,1,0,0,0,0,0,2,0,0,0,0,0,1,0,0,0,0,0,0,1,0,0,0
9,22.3,1,3,4,2,2,1,2,4,0,0.8680412371134021,1,1,52,0,0,0,1,0,0,0,1,0,0,2,1,0,0,0,0,0,0,0,0,0,0,0,0,0,1,0
5,73.3,2,3,7,3,1,2,4,4,0,0.4391752577319588,3,0,64,0,0,0,0,0,1,0,1,0,0,2,0,0,0,0,0,0,0,1,0,0,0,0,0,1,0,0
4,39.8,0,1,9,2,1,2,1,3,0,0.8154639175257731,1,0,43,0,0,0,1,0,0,0,0,0,0,1,1,0,0,0,0,0,0,0,1,0,0,0,0,0,0,0
4,9.1,1,1,6,1,1,1,3,3,0,0.9010309278350516,2,1,43,1,0,1,0,0,0,0,0,1,0,3,0,0,1,0,0,0,0,0,0,0,1,0,0,0,0,0
9,63.2,0,3,4,3,2,3,4,3,1,0.8907216494845361,2,1,79,0,0,0,0,0,0,0,0,0,0,0,0,0,0,1,0,0,0,0,0,0,0,0,1,0,0,0
5,32.0,0,3,2,2,0,1,4,2,0,0.7546391752577319,2,1,47,0,0,0,0,0,0,0,0,0,0,0,0,0,0,0,1,0,0,0,0,0,0,0,1,0,0,0
4,89.5,0,2,2,1,0,3,3,0,1,0.21237113402061855,3,0,32,0,0,0,0,0,0,0,0,0,0,0,0,0,0,0,0,0,1,0,0,0,0,0,1,0,0,0
7,72.8,1,3,5,3,2,2,3,2,1,0.11649484536082476,2,0,72,0,0,0,0,0,0,0,0,0,0,0,1,0,0,0,0,0,0,0,0,0,0,0,1,0,0,0
6,33.4,0,2,1,1,0,2,1,0,1,0.025773195876288662,2,0,24,1,0,0,0,0,1,0,0,0,0,2,0,0,0,0,0,1,0,0,0,0,0,0,1,0,0,0
10,3.3,0,1,1,0,0,2,1,2,1,0.9865979381443298,1,0,14,1,1,0,0,1,0,0,0,0,0,3,0,0,0,1,0,0,0,0,0,0,0,0,0,0,1,0
7,46.0,2,2,5,2,2,3,2,4,0,0.22783505154639175,0,1,66,0,0,0,0,0,0,0,0,0,0,0,0,1,0,0,0,0,0,0,0,0,1,0,0,0,0,0
8,71.7,1,3,8,1,2,3,4,4,0,0.023711340206185563,3,0,73,0,0,0,0,0,0,0,0,0,0,0,0,0,0,0,0,0,0,1,1,0,0,0,0,0,0,0
11,86.4,0,1,8,1,0,3,2,2,0,0.23298969072164946,1,0,20,0,0,0,1,0,0,0,1,0,0,2,0,0,0,0,1,0,0,0,0,0,0,0,0,0,1,0
5,18.3,0,1,1,2,0,2,3,2,0,0.2360824742268041,1,1,40,0,0,0,0,0,0,0,0,0,0,0,0,0,0,0,0,0,0,1,0,0,1,0,0,0,0,0
6,60.6,1,3,6,2,1,2,4,3,0,0.9402061855670103,0,1,61,0,0,0,0,0,0,0,0,0,0,0,0,0,0,0,0,0,1,0,0,0,0,0,1,0,0,0
3,53.4,0,3,4,3,1,1,3,1,1,0.11237113402061856,3,0,56,0,1,0,0,0,0,0,0,0,0,1,0,0,0,0,0,0,0,1,0,0,0,0,1,0,0,0
5,32.7,2,1,9,3,2,1,1,1,1,0.6319587628865979,2,0,44,0,0,0,0,0,0,0,0,0,0,0,0,0,0,0,0,0,0,1,0,0,1,0,0,0,0,0
5,52.8,2,3,10,0,2,2,2,2,0,0.3082474226804124,0,0,39,1,0,0,1,0,0,0,0,0,0,2,0,0,0,0,0,1,0,0,0,0,0,0,0,0,1,0
5,19.7,1,3,2,0,0,2,3,2,0,0.6402061855670103,2,0,46,0,0,0,0,0,0,0,0,0,0,0,0,0,0,0,0,0,0,1,0,0,0,0,1,0,0,0
5,77.7,2,3,8,2,1,2,4,4,0,0.5917525773195875,2,1,76,0,0,0,0,0,0,0,0,0,0,0,0,1,0,0,0,0,0,0,0,0,0,0,1,0,0,0
6,21.7,0,2,4,0,1,3,1,2,0,0.3247422680412371,3,1,31,0,0,0,0,1,0,0,1,0,1,3,0,0,0,0,0,0,1,0,0,0,0,1,0,0,0,0
5,96.8,2,3,8,3,1,4,1,1,1,0.11134020618556702,3,0,55,0,1,0,0,0,0,0,0,0,0,1,0,0,0,0,0,1,0,0,0,0,0,0,0,1,0,0
7,6.6,2,2,5,1,2,4,1,3,0,0.5587628865979382,0,1,37,1,0,0,1,0,0,0,1,1,0,4,0,0,0,0,1,0,0,0,0,0,0,0,0,0,1,0
5,84.5,0,3,2,2,0,3,4,2,1,0.4175257731958763,2,1,46,0,0,1,0,0,0,0,1,0,0,2,0,0,0,0,0,0,0,1,0,0,1,0,0,0,0,0
7,57.9,1,2,10,3,2,1,2,3,0,0.6,3,0,71,0,0,0,0,0,0,0,0,0,0,0,0,1,0,0,0,0,0,0,0,0,1,0,0,0,0,0
7,8.4,0,1,3,1,0,1,1,1,0,0.931958762886598,0,0,35,0,0,0,0,1,0,0,0,0,0,1,0,1,0,0,0,0,0,0,1,0,0,0,0,0,0,0
4,51.0,0,2,2,1,0,2,2,0,0,0.007216494845360827,0,1,45,0,0,0,0,0,0,0,0,0,0,0,0,0,0,0,1,0,0,0,0,0,0,0,1,0,0,0
11,36.8,2,1,8,2,2,2,2,3,0,0.9989690721649483,2,0,65,0,0,0,0,0,0,0,0,0,0,0,0,0,0,1,0,0,0,0,0,0,0,0,1,0,0,0
2,3.4,0,1,3,0,0,3,1,0,1,0.34123711340206186,0,0,11,0,0,0,0,0,0,0,0,0,0,0,0,0,0,0,0,1,0,0,1,0,0,0,0,0,0,0
2,16.5,2,2,10,3,2,2,3,2,0,0.11030927835051545,3,0,56,0,0,0,0,0,1,0,0,0,0,1,0,1,0,0,0,0,0,0,0,0,0,0,1,0,0,0
2,93.7,1,3,7,3,1,1,4,2,0,0.38969072164948454,2,1,53,0,0,0,0,0,0,0,0,0,0,0,0,0,0,0,0,1,0,0,0,0,0,0,1,0,0,0
4,58.0,2,3,6,3,2,3,3,3,0,0.6144329896907216,3,1,86,0,0,0,0,0,0,1,0,0,0,1,1,0,0,0,0,0,0,0,0,0,0,0,1,0,0,0
8,40.1,1,2,2,1,0,4,1,1,0,0.09587628865979382,3,0,45,1,0,0,0,0,0,0,0,0,0,1,0,1,0,0,0,0,0,0,0,0,0,0,1,0,0,0
4,96.3,0,3,3,2,0,2,4,1,1,0.37010309278350517,3,1,44,0,0,0,0,0,0,0,0,0,0,0,0,0,0,1,0,0,0,0,0,0,0,0,1,0,0,0
8,43.5,0,3,2,1,0,4,4,1,0,0.8484536082474226,2,0,51,1,0,0,0,0,0,0,1,0,0,2,1,0,0,0,0,0,0,0,0,0,0,0,1,0,0,0
6,56.5,1,1,9,1,1,3,2,2,0,0.1175257731958763,1,0,48,0,0,0,0,0,0,0,0,0,0,0,0,0,0,0,0,0,1,0,0,0,0,0,1,0,0,0
8,73.6,2,2,8,2,2,2,3,4,0,0.42474226804123716,3,0,72,0,0,0,0,0,0,0,0,0,0,0,0,1,0,0,0,0,0,0,0,0,0,0,1,0,0,0
12,49.8,1,1,7,0,1,1,3,3,0,0.7257731958762886,1,0,36,0,0,0,1,0,1,1,0,0,0,3,0,0,0,0,0,0,1,0,0,0,0,0,0,0,0,1
5,94.1,1,3,2,2,1,2,4,2,0,0.03711340206185566,2,1,59,0,0,0,0,0,0,0,1,0,0,1,0,0,0,0,0,1,0,0,0,0,1,0,0,0,0,0
9,24.4,2,1,5,0,1,4,2,2,0,0.1690721649484536,0,0,23,0,0,0,0,1,0,0,1,0,0,2,0,0,0,0,0,0,0,1,0,0,0,1,0,0,0,0
4,29.2,0,1,1,2,1,1,2,2,0,0.13711340206185565,1,0,45,0,0,1,0,0,0,0,0,0,0,1,1,0,0,0,0,0,0,0,0,0,0,0,1,0,0,0
9,77.1,2,3,3,3,1,4,1,1,0,0.39793814432989694,3,0,70,0,0,0,0,0,0,0,0,0,0,0,0,0,0,0,0,0,1,0,0,0,0,0,1,0,0,0
8,20.3,0,1,3,2,1,1,1,3,0,0.9979381443298968,0,0,44,0,0,0,1,0,0,0,1,1,0,3,0,0,1,0,0,0,0,0,0,0,0,0,1,0,0,0
6,49.1,0,1,7,2,1,1,3,4,1,0.2443298969072165,3,0,46,0,0,0,0,1,0,0,0,1,0,2,0,0,1,0,0,0,0,0,0,0,1,0,0,0,0,0
6,8.1,1,3,6,0,1,3,2,2,0,0.7525773195876289,3,0,37,0,0,0,0,0,0,0,1,0,0,1,0,0,0,0,0,0,1,0,0,0,0,0,1,0,0,0
8,54.7,0,1,5,3,0,1,4,2,0,0.37938144329896906,3,1,49,0,0,0,0,0,0,0,1,0,0,1,1,0,0,0,0,0,0,0,0,0,0,0,1,0,0,0
10,97.7,0,3,3,3,1,2,4,4,0,0.13298969072164948,1,1,67,0,0,0,0,0,0,0,0,0,0,0,0,0,1,0,0,0,0,0,0,0,0,0,1,0,0,0
6,10.2,1,1,4,2,1,2,1,0,0,0.6154639175257732,2,0,42,0,0,1,0,1,1,0,1,0,0,4,0,0,0,1,0,0,0,0,0,0,0,0,1,0,0,0
6,97.8,1,1,5,3,1,2,1,4,0,0.8711340206185566,0,0,51,0,0,0,1,0,0,0,0,0,0,1,0,0,0,1,0,0,0,0,0,0,0,0,1,0,0,0
2,87.0,2,3,5,3,2,4,4,2,0,0.6742268041237114,1,0,77,0,0,0,0,0,0,0,1,0,0,1,1,0,0,0,0,0,0,0,0,0,0,0,1,0,0,0
4,22.9,0,1,3,1,1,2,2,2,1,0.7999999999999999,1,0,36,0,0,0,0,0,0,0,0,0,0,0,0,1,0,0,0,0,0,0,0,0,0,0,0,1,0,0
10,61.9,2,2,6,2,0,3,4,3,0,0.6608247422680411,2,0,55,0,0,1,0,0,0,0,0,0,0,1,0,0,0,0,0,1,0,0,1,0,0,0,0,0,0,0
5,31.4,2,3,6,0,2,3,2,3,0,0.38865979381443305,0,0,36,0,0,0,1,0,0,0,0,0,0,1,1,0,0,0,0,0,0,0,0,0,0,0,0,0,1,0
10,19.8,1,3,2,1,0,3,3,3,0,0.9350515463917526,2,1,40,1,0,0,0,0,0,0,1,0,0,2,0,0,0,0,0,1,0,0,1,0,0,0,0,0,0,0
3,44.5,0,3,2,1,0,1,4,1,0,0.20824742268041235,0,1,30,1,0,1,0,0,0,0,0,0,0,2,0,0,1,0,0,0,0,0,0,0,1,0,0,0,0,0
7,63.5,1,1,8,1,2,2,2,3,0,0.6793814432989691,3,0,57,0,0,0,0,0,0,0,0,0,0,0,0,0,1,0,0,0,0,0,0,0,0,0,1,0,0,0
4,16.3,0,3,7,0,0,4,1,2,1,0.14329896907216494,2,0,33,0,0,0,0,1,0,1,0,0,0,2,0,0,0,0,0,0,1,0,0,0,1,0,0,0,0,0
8,5.9,1,3,3,2,0,2,2,1,0,0.9309278350515463,1,1,49,0,0,0,0,0,0,0,0,0,0,0,0,1,0,0,0,0,0,0,0,0,1,0,0,0,0,0
7,73.5,1,3,4,3,2,3,2,1,0,0.9463917525773196,3,1,74,0,0,0,0,0,0,0,0,0,0,0,1,0,0,0,0,0,0,0,0,0,0,0,1,0,0,0
5,75.1,0,1,1,1,0,2,1,0,0,0.443298969072165,1,1,34,0,0,0,0,0,1,0,0,0,1,2,1,0,0,0,0,0,0,0,0,0,0,0,0,0,1,0
5,58.6,2,1,5,3,2,1,1,1,0,0.015463917525773193,0,0,39,0,0,0,0,1,0,0,0,0,0,1,0,0,0,0,1,0,0,0,0,0,0,0,0,0,1,0
11,88.0,2,3,9,2,1,4,2,4,1,0.9329896907216494,0,0,66,0,0,0,1,0,0,0,0,1,0,2,0,0,0,1,0,0,0,0,0,0,0,0,1,0,0,0
5,55.3,2,1,8,1,1,1,1,2,0,0.7628865979381443,0,1,30,0,0,0,1,0,0,0,0,0,0,1,0,0,0,1,0,0,0,0,0,0,0,0,0,0,1,0
6,12.4,1,3,4,1,0,3,3,2,0,0.11958762886597939,1,1,47,0,0,0,0,0,0,0,0,0,0,0,1,0,0,0,0,0,0,0,0,0,0,0,1,0,0,0
6,80.9,2,2,9,1,2,2,1,4,1,0.7536082474226803,2,0,71,0,0,0,0,0,0,0,0,0,0,0,0,1,0,0,0,0,0,0,0,0,0,0,1,0,0,0
4,21.5,2,3,9,1,1,4,2,3,0,0.07113402061855671,2,1,50,0,0,0,0,1,0,0,0,0,0,1,1,0,0,0,0,0,0,0,0,0,0,0,1,0,0,0
9,25.3,2,3,5,1,1,3,4,3,0,0.5546391752577319,0,1,50,1,0,0,0,0,0,0,0,0,0,1,0,0,0,0,1,0,0,0,0,0,0,0,1,0,0,0
10,84.3,1,3,5,2,2,4,4,3,1,0.9742268041237113,1,1,56,0,0,0,1,0,0,0,0,0,0,1,0,0,0,1,0,0,0,0,0,0,0,0,1,0,0,0
9,13.0,2,2,9,1,2,3,2,1,1,0.8278350515463917,3,0,47,0,1,0,0,0,0,1,0,0,0,2,0,0,0,0,0,0,0,1,0,0,0,0,1,0,0,0
7,78.6,2,1,7,1,1,1,2,4,1,0.6989690721649484,0,1,37,0,1,0,1,0,0,0,0,0,0,2,1,0,0,0,0,0,0,0,0,0,0,1,0,0,0,0
11,28.4,1,1,5,0,0,2,1,3,0,0.979381443298969,2,0,42,0,0,0,0,1,0,0,0,0,0,1,0,0,0,0,0,0,0,1,0,0,0,0,0,1,0,0
11,81.0,2,3,5,3,1,4,3,2,0,0.19999999999999998,3,0,60,0,0,0,0,0,0,1,0,0,0,1,0,0,0,0,0,0,1,0,0,0,0,0,0,1,0,0
6,20.9,2,1,8,0,1,1,4,3,0,0.2876288659793814,1,0,44,1,0,1,0,0,0,0,0,0,0,2,0,1,0,0,0,0,0,0,0,0,0,0,1,0,0,0
4,27.7,1,1,6,2,1,1,2,2,0,0.7824742268041237,0,0,54,0,0,0,0,0,0,0,0,0,0,0,0,1,0,0,0,0,0,0,0,0,0,0,1,0,0,0
13,17.4,2,1,10,0,2,3,1,3,0,0.9804123711340206,3,0,33,0,0,0,0,1,0,0,0,0,0,1,0,0,0,1,0,0,0,0,0,0,1,0,0,0,0,0
12,78.0,0,2,7,3,1,3,2,2,0,0.30927835051546393,1,1,60,0,0,0,0,0,0,0,0,0,0,0,0,0,0,0,0,0,1,0,0,0,0,0,1,0,0,0
5,36.6,2,1,5,1,1,2,2,1,0,0.6216494845360824,0,0,44,0,0,0,0,0,0,0,0,0,0,0,0,0,0,0,0,1,0,0,0,0,0,0,1,0,0,0
4,76.0,1,3,5,1,2,4,3,0,0,0.2051546391752577,2,1,45,0,0,0,0,0,0,0,0,1,0,1,0,0,0,0,1,0,0,0,1,0,0,0,0,0,0,0
9,49.7,0,1,3,0,0,1,2,3,1,0.4752577319587629,0,0,16,0,1,0,1,0,1,0,0,1,0,4,0,0,0,1,0,0,0,0,0,0,1,0,0,0,0,0
8,44.0,1,3,7,3,1,4,2,1,1,0.6505154639175257,0,1,52,0,1,1,0,0,0,0,0,0,0,2,0,1,0,0,0,0,0,0,0,0,1,0,0,0,0,0
5,42.4,0,2,2,0,0,1,2,2,0,0.49072164948453606,0,0,32,1,0,0,1,1,0,0,0,0,1,4,1,0,0,0,0,0,0,0,0,0,0,0,1,0,0,0
3,46.2,2,2,8,1,1,4,1,2,0,0.27113402061855674,3,0,51,0,0,0,0,1,0,0,0,0,0,1,0,0,0,1,0,0,0,0,0,0,0,0,1,0,0,0
2,35.6,2,2,5,3,2,3,2,2,0,0.03608247422680412,1,1,61,0,0,0,0,0,0,0,1,0,0,1,0,0,0,0,0,0,0,1,0,0,0,0,1,0,0,0
8,72.6,2,2,6,0,1,3,2,2,0,0.6381443298969072,3,0,38,0,0,0,0,1,0,0,1,0,0,2,0,0,0,0,1,0,0,0,0,0,0,0,1,0,0,0
6,15.9,1,1,5,3,0,1,2,1,0,0.28969072164948456,1,0,32,0,0,0,0,1,0,0,0,0,0,1,0,0,0,0,0,1,0,0,0,0,0,0,1,0,0,0
4,39.0,0,2,1,0,0,2,3,0,1,0.12164948453608247,3,1,32,0,0,0,0,0,0,0,0,0,0,0,0,0,0,0,0,1,0,0,0,1,0,0,0,0,0,0
4,82.5,2,2,8,2,2,2,3,2,1,0.03917525773195876,3,1,67,0,0,0,0,0,0,0,0,0,0,0,0,0,0,0,0,0,0,1,0,0,0,0,1,0,0,0
5,84.8,2,3,9,2,2,2,4,4,0,0.9340206185567009,0,1,86,0,0,0,0,0,0,0,0,0,0,0,0,0,0,0,0,0,1,0,0,0,0,0,1,0,0,0
5,86.7,1,2,6,1,0,3,3,2,0,0.1845360824742268,0,0,30,1,0,0,1,0,0,0,0,0,0,2,0,0,0,0,0,1,0,0,0,0,0,0,0,1,0,0
7,14.9,2,1,9,0,2,1,2,3,0,0.8670103092783504,0,1,63,0,0,0,0,0,1,0,0,0,0,1,0,1,0,0,0,0,0,0,0,0,0,0,1,0,0,0
11,68.2,1,3,6,2,2,3,4,3,0,0.7123711340206185,3,1,79,0,0,0,0,0,0,0,0,0,0,0,0,0,0,0,1,0,0,0,0,0,0,0,1,0,0,0
9,11.7,1,3,4,0,0,4,3,3,0,0.8041237113402061,2,1,36,0,0,0,0,0,0,0,0,0,0,0,0,0,0,1,0,0,0,0,0,0,0,0,1,0,0,0
2,89.0,2,3,6,2,1,2,3,2,0,0.5,3,0,61,0,0,1,0,1,1,0,0,0,0,3,1,0,0,0,0,0,0,0,0,0,0,0,1,0,0,0
4,79.2,1,1,2,0,2,1,2,0,0,0.3556701030927835,0,0,36,1,0,0,1,1,0,0,0,0,0,3,0,0,0,1,0,0,0,0,0,0,0,0,1,0,0,0
8,10.4,1,2,4,0,1,2,2,2,0,0.35670103092783506,3,0,52,1,0,0,0,0,0,0,0,0,0,1,0,1,0,0,0,0,0,0,0,0,0,0,1,0,0,0
8,94.5,2,2,10,2,2,2,3,4,1,0.9216494845360825,3,0,77,0,1,0,0,0,0,0,0,0,0,1,0,0,0,0,0,0,0,1,1,0,0,0,0,0,0,0
6,55.2,0,3,1,3,1,4,3,1,0,0.059793814432989686,1,0,57,0,0,0,0,0,0,0,0,0,0,0,0,1,0,0,0,0,0,0,0,0,0,0,1,0,0,0
4,72.9,0,2,1,2,0,2,3,0,0,0.3597938144329897,1,0,36,0,0,0,0,1,0,0,0,0,0,1,0,1,0,0,0,0,0,0,0,0,0,0,0,1,0,0
7,48.8,1,2,9,2,2,3,2,3,0,0.5412371134020618,1,1,64,0,0,0,1,0,0,0,0,0,0,1,0,0,0,1,0,0,0,0,0,0,0,0,1,0,0,0
5,7.1,1,1,3,1,2,1,2,1,1,0.24536082474226803,0,0,34,0,1,0,0,1,0,0,0,0,0,2,0,0,0,0,0,0,0,1,1,0,0,0,0,0,0,0
5,5.8,1,2,6,3,2,3,3,1,0,0.5484536082474226,3,0,63,0,0,0,0,0,0,0,0,0,0,0,0,0,0,1,0,0,0,0,0,0,1,0,0,0,0,0
7,95.4,2,3,7,3,1,2,4,4,1,0.9969072164948453,3,0,71,0,0,0,0,0,0,0,1,0,0,1,1,0,0,0,0,0,0,0,0,1,0,0,0,0,0,0
11,92.2,2,1,10,0,2,1,3,3,1,0.9422680412371134,2,1,49,0,1,0,0,0,0,0,0,0,0,1,0,0,0,0,0,1,0,0,1,0,0,0,0,0,0,0
9,48.5,2,3,6,2,2,3,1,4,0,0.5876288659793814,1,0,58,0,0,0,1,0,0,0,0,0,0,1,1,0,0,0,0,0,0,0,0,0,1,0,0,0,0,0
2,19.6,0,1,7,0,0,1,2,0,0,0.8092783505154638,3,0,38,0,0,0,0,0,0,0,0,1,0,1,0,0,0,0,1,0,0,0,0,0,1,0,0,0,0,0
11,49.4,2,2,10,3,2,3,1,4,0,0.9752577319587628,1,0,76,0,0,0,0,0,0,0,0,0,0,0,0,0,0,0,0,0,1,0,0,0,0,0,0,0,1,0
3,45.6,0,3,2,0,0,4,3,2,1,0.4742268041237114,2,1,26,0,0,0,0,0,0,0,1,0,0,1,1,0,0,0,0,0,0,0,0,0,0,1,0,0,0,0
6,93.0,2,1,10,2,2,1,4,4,0,0.8010309278350515,0,1,70,0,0,0,0,0,0,0,0,0,0,0,0,0,0,1,0,0,0,0,0,0,0,0,1,0,0,0
8,68.3,1,1,8,3,2,1,1,1,0,0.7360824742268042,3,0,66,0,0,0,0,0,1,0,0,0,0,1,0,0,0,0,0,0,1,0,0,0,0,0,1,0,0,0
12,87.8,2,2,10,3,2,2,2,4,1,0.9773195876288658,1,0,74,0,0,0,0,0,0,0,0,0,0,0,1,0,0,0,0,0,0,0,0,0,0,0,1,0,0,0
3,11.2,2,1,8,1,1,1,2,2,1,0.48556701030927835,2,0,36,0,0,1,0,1,0,1,0,0,0,3,1,0,0,0,0,0,0,0,0,0,0,0,0,1,0,0
6,22.1,1,3,3,1,1,3,4,3,0,0.04329896907216495,0,0,43,1,0,0,1,0,0,0,0,0,0,2,0,0,0,0,1,0,0,0,0,0,0,0,1,0,0,0
8,94.8,2,1,9,2,2,2,2,4,0,0.647422680412371,0,1,64,0,0,0,0,1,0,0,0,0,0,1,1,0,0,0,0,0,0,0,0,0,0,0,1,0,0,0
7,62.9,0,2,3,2,0,3,2,1,1,0.019587628865979378,0,0,22,0,0,0,0,0,0,0,0,0,0,0,1,0,0,0,0,0,0,0,0,0,0,1,0,0,0,0
9,65.6,1,1,7,1,0,3,1,3,0,0.322680412371134,3,1,45,1,0,0,0,0,0,0,0,0,0,1,0,0,0,0,0,0,0,1,0,0,0,0,1,0,0,0
9,33.3,2,3,8,0,1,3,3,3,0,0.39999999999999997,0,0,38,1,0,0,1,0,0,0,0,0,0,2,1,0,0,0,0,0,0,0,0,0,0,0,0,0,1,0
9,4.9,2,2,7,0,2,4,1,1,0,0.5690721649484536,2,0,28,0,0,0,0,1,0,1,0,0,0,2,0,0,0,0,0,1,0,0,0,0,0,0,1,0,0,0
5,27.3,2,3,9,3,2,3,4,4,0,0.7835051546391752,2,1,93,0,0,0,0,0,0,1,0,0,0,1,0,0,0,1,0,0,0,0,0,0,0,0,1,0,0,0
5,27.4,1,2,5,2,0,3,4,1,1,0.9525773195876289,1,1,45,0,1,0,0,0,0,0,0,0,0,1,0,0,0,0,0,1,0,0,1,0,0,0,0,0,0,0
11,59.4,2,3,6,0,1,2,2,3,1,0.8608247422680412,2,0,33,0,1,0,0,0,0,0,0,0,0,1,0,0,0,1,0,0,0,0,0,0,0,0,0,1,0,0
8,87.5,2,1,9,0,0,3,1,3,1,0.8030927835051547,0,1,29,0,0,0,0,0,0,0,1,0,0,1,0,0,0,0,0,0,0,1,1,0,0,0,0,0,0,0
7,13.1,2,1,10,0,2,2,1,2,0,0.1865979381443299,1,0,45,0,0,0,0,1,0,0,0,0,0,1,0,0,0,0,0,0,0,1,0,0,0,0,1,0,0,0
4,33.1,2,2,4,2,2,4,2,3,1,0.1958762886597938,1,0,46,0,0,0,1,1,0,0,0,0,0,2,0,0,0,1,0,0,0,0,0,0,0,0,0,0,1,0
6,27.6,1,3,6,0,0,2,3,3,0,0.9278350515463917,1,0,25,0,0,0,1,0,0,0,1,0,0,2,0,0,1,0,0,0,0,0,0,0,0,1,0,0,0,0
4,69.8,2,3,4,0,1,4,3,3,0,0.7051546391752578,1,1,27,0,0,1,1,0,0,0,1,0,0,3,0,0,1,0,0,0,0,0,0,0,0,0,0,1,0,0
9,93.1,1,3,6,2,1,3,4,4,0,0.8886597938144329,1,0,61,0,0,0,0,1,0,0,0,0,1,2,0,0,0,0,1,0,0,0,0,0,0,0,1,0,0,0
5,71.0,1,3,4,0,2,2,2,3,0,0.40103092783505156,1,1,45,0,0,0,1,0,1,0,0,0,0,2,0,0,0,1,0,0,0,0,0,0,0,0,0,0,0,1
14,26.5,2,2,10,1,2,3,3,4,0,0.9092783505154639,1,1,52,1,0,0,0,0,0,0,0,0,0,1,0,1,0,0,0,0,0,0,1,0,0,0,0,0,0,0
9,8.3,1,3,6,2,1,4,1,3,1,0.6927835051546392,2,1,58,0,1,0,0,0,0,0,0,0,0,1,0,0,0,0,1,0,0,0,0,0,0,0,0,1,0,0
5,40.8,2,2,9,0,1,1,1,3,0,0.22577319587628863,1,0,33,1,0,0,0,0,0,0,1,0,0,2,0,0,0,1,0,0,0,0,1,0,0,0,0,0,0,0
9,11.9,2,1,9,0,1,2,1,3,0,0.16597938144329896,2,0,37,0,0,0,0,0,0,0,0,0,1,1,0,0,0,0,0,0,1,0,0,0,0,0,1,0,0,0
6,96.9,0,3,5,2,0,1,4,3,0,0.2958762886597938,1,1,56,0,0,0,1,0,0,0,0,0,0,1,1,0,0,0,0,0,0,0,0,0,0,0,1,0,0,0
6,38.9,2,2,8,2,1,2,3,4,0,0.8618556701030927,0,1,67,0,0,0,1,0,0,0,0,0,0,1,0,0,0,0,1,0,0,0,0,0,0,0,1,0,0,0
8,64.4,0,1,5,1,0,1,3,3,0,0.5670103092783505,1,1,46,0,0,0,1,0,0,0,1,0,0,2,0,0,0,1,0,0,0,0,0,0,0,0,1,0,0,0
9,67.6,0,2,2,2,2,3,3,2,0,0.9175257731958762,1,1,59,0,0,0,1,0,0,0,0,0,1,2,0,0,0,1,0,0,0,0,0,0,0,0,0,0,1,0
6,45.4,1,2,3,0,1,1,2,2,0,0.7144329896907216,0,0,36,0,0,1,1,0,0,0,0,0,0,2,1,0,0,0,0,0,0,0,0,0,0,1,0,0,0,0
11,10.1,0,2,2,3,1,3,1,3,0,0.8649484536082475,3,0,50,0,0,1,0,1,0,0,0,0,0,2,0,1,0,0,0,0,0,0,0,0,0,0,1,0,0,0
6,71.8,2,2,9,3,2,4,1,2,0,0.20103092783505153,3,0,68,0,0,0,0,1,0,0,0,1,0,2,0,0,0,0,1,0,0,0,0,0,0,0,1,0,0,0
6,60.1,2,3,8,3,2,2,4,3,0,0.9855670103092783,0,0,67,0,0,0,1,0,1,0,0,0,0,2,1,0,0,0,0,0,0,0,0,0,0,0,0,0,1,0
7,38.2,2,3,9,3,2,3,1,4,0,0.7969072164948453,3,0,92,0,0,0,0,0,0,0,0,0,1,1,0,0,0,0,0,0,0,1,0,0,0,0,1,0,0,0
6,29.8,1,1,5,2,0,2,3,1,1,0.0134020618556701,0,0,28,0,0,1,1,0,0,0,0,0,0,2,0,0,1,0,0,0,0,0,0,0,0,0,0,1,0,0
10,98.0,1,3,4,3,2,4,3,4,0,0.5505154639175257,0,1,85,0,0,0,0,0,0,0,0,0,0,0,0,0,1,0,0,0,0,0,0,0,0,0,1,0,0,0
8,38.5,0,1,5,0,0,2,3,3,0,0.7134020618556701,2,0,36,1,0,0,0,0,1,0,0,0,0,2,0,1,0,0,0,0,0,0,0,0,1,0,0,0,0,0
4,27.1,1,2,4,0,0,2,1,1,0,0.24639175257731957,0,1,31,1,0,0,1,0,0,0,1,0,0,3,0,0,1,0,0,0,0,0,0,0,0,0,1,0,0,0
6,88.8,2,3,9,1,2,2,4,4,0,0.8463917525773195,0,0,65,0,0,0,0,0,0,0,1,1,1,3,0,0,0,0,1,0,0,0,0,0,0,0,0,0,1,0
3,35.4,0,2,1,2,0,3,3,0,0,0.1247422680412371,2,1,42,0,0,0,0,0,0,0,1,0,0,1,0,0,1,0,0,0,0,0,0,0,1,0,0,0,0,0
4,31.2,1,3,6,0,1,2,4,1,1,0.5938144329896907,3,1,50,0,0,0,0,0,0,0,1,0,0,1,0,0,0,0,0,1,0,0,0,0,0,0,1,0,0,0
9,34.3,1,1,6,0,0,1,2,2,0,0.9412371134020617,0,1,23,0,0,0,1,0,0,0,0,1,0,2,0,0,1,0,0,0,0,0,0,0,1,0,0,0,0,0
9,47.8,1,1,8,2,1,4,1,3,0,0.7938144329896907,0,0,49,0,0,0,1,1,0,0,0,0,0,2,0,0,0,0,0,0,1,0,0,0,0,0,1,0,0,0
4,56.7,0,2,6,2,1,1,2,3,0,0.6628865979381442,2,1,49,0,0,0,0,0,1,0,0,0,0,1,0,0,0,1,0,0,0,0,0,0,1,0,0,0,0,0
2,33.5,2,2,8,1,2,1,3,2,0,0.15979381443298968,0,1,46,0,0,0,0,0,0,0,0,0,0,0,0,0,0,0,0,1,0,0,0,0,0,0,1,0,0,0
7,61.2,1,3,5,3,1,3,3,1,0,0.15051546391752577,3,1,57,0,0,1,0,0,0,0,1,0,0,2,0,1,0,0,0,0,0,0,0,0,1,0,0,0,0,0
7,50.8,0,3,7,3,2,2,2,1,0,0.9917525773195875,0,1,62,0,0,0,0,1,0,0,0,0,0,1,0,0,0,0,1,0,0,0,0,0,0,0,1,0,0,0
10,8.7,0,1,7,0,0,1,1,3,1,0.7515463917525773,0,0,17,0,0,0,0,1,0,1,0,0,0,2,0,0,0,0,0,0,1,0,0,0,0,0,0,1,0,0
4,80.7,0,1,2,3,1,1,1,0,0,0.6247422680412371,1,0,29,0,0,0,0,0,0,0,1,0,0,1,0,0,0,1,0,0,0,0,0,0,0,0,1,0,0,0
6,62.8,0,1,5,2,1,2,1,0,0,0.38247422680412374,1,0,47,0,0,1,0,0,0,1,0,0,0,2,1,0,0,0,0,0,0,0,0,0,1,0,0,0,0,0
14,69.0,2,2,9,3,2,1,2,4,0,0.9886597938144329,2,1,58,0,0,0,0,0,0,0,0,0,0,0,0,0,1,0,0,0,0,0,0,0,0,0,1,0,0,0
2,59.6,0,3,3,1,0,3,3,2,0,0.5556701030927834,3,1,53,0,0,0,0,0,0,0,0,0,0,0,0,0,0,0,0,0,0,1,0,0,0,0,0,1,0,0
8,83.8,2,1,4,1,1,3,2,4,0,0.6814432989690721,0,0,48,0,0,0,1,0,0,0,0,0,0,1,0,0,0,1,0,0,0,0,0,0,0,0,1,0,0,0
3,21.8,2,2,7,0,0,1,2,1,0,0.14020618556701028,3,0,44,0,0,0,0,0,0,0,0,0,0,0,0,1,0,0,0,0,0,0,1,0,0,0,0,0,0,0
4,88.1,2,2,7,3,1,2,3,1,0,0.9123711340206185,0,1,51,0,0,1,0,0,0,0,0,1,0,2,0,0,0,1,0,0,0,0,0,0,0,0,1,0,0,0
8,3.0,2,1,6,0,2,1,1,1,0,0.377319587628866,1,0,36,0,0,0,0,0,0,0,0,0,1,1,0,0,0,0,1,0,0,0,0,0,1,0,0,0,0,0
5,48.4,1,2,7,0,0,2,2,3,0,0.6896907216494845,2,0,43,0,0,0,0,0,0,0,1,0,0,1,0,1,0,0,0,0,0,0,0,0,0,0,1,0,0,0
8,7.8,2,1,10,0,2,1,1,3,1,0.6958762886597938,1,0,38,0,1,0,0,0,0,0,1,0,0,2,0,0,0,0,0,1,0,0,0,0,0,0,1,0,0,0
5,82.1,2,3,8,3,2,3,4,3,0,0.23298969072164946,0,1,86,0,0,0,1,0,0,0,0,0,0,1,1,0,0,0,0,0,0,0,0,0,0,0,1,0,0,0
6,24.6,0,2,9,1,2,2,3,2,0,0.49484536082474223,1,1,55,0,0,0,0,0,0,0,1,0,0,1,0,0,0,1,0,0,0,0,0,0,0,0,1,0,0,0
15,46.8,2,2,10,2,2,2,2,4,0,0.7443298969072165,3,0,69,0,0,0,0,1,1,0,0,0,0,2,0,1,0,0,0,0,0,0,0,0,0,0,1,0,0,0
4,19.4,1,1,5,1,1,2,2,1,0,0.2824742268041237,1,0,49,0,0,0,0,0,0,0,1,0,0,1,0,0,0,0,0,0,0,1,0,0,0,0,1,0,0,0
9,67.8,0,2,3,2,1,3,1,2,0,0.9061855670103093,2,0,57,0,0,0,0,0,0,0,0,0,0,0,0,0,0,0,0,0,0,1,0,0,0,0,0,1,0,0
10,23.1,0,3,3,0,0,3,3,2,0,0.8422680412371134,2,0,43,0,0,0,0,0,0,0,0,0,0,0,0,1,0,0,0,0,0,0,0,0,0,1,0,0,0,0
8,75.6,2,2,4,1,1,3,1,2,0,0.5525773195876288,0,0,35,1,0,0,0,0,0,0,0,0,1,2,0,0,0,0,0,1,0,0,0,0,0,0,1,0,0,0
8,74.3,2,3,8,1,2,4,3,2,0,0.43092783505154636,2,0,69,0,0,0,0,0,0,0,0,0,0,0,0,0,0,0,0,0,0,1,0,0,0,0,1,0,0,0
6,40.0,1,1,3,0,1,2,1,0,0,0.4969072164948454,1,0,22,0,0,0,0,1,1,0,0,0,0,2,0,0,0,0,0,1,0,0,0,0,0,0,0,1,0,0
8,79.6,2,2,8,3,1,2,3,4,0,0.524742268041237,1,0,58,0,0,0,1,0,1,0,0,1,0,3,0,0,1,0,0,0,0,0,0,0,0,0,1,0,0,0
6,52.3,1,3,2,2,2,2,4,3,1,0.9484536082474226,2,1,72,0,1,0,0,1,0,0,0,0,0,2,0,0,0,0,0,0,1,0,0,0,0,0,1,0,0,0
6,77.2,1,2,2,0,0,4,4,1,1,0.04123711340206186,0,1,23,0,0,0,0,0,0,0,1,0,0,1,0,0,0,0,0,1,0,0,0,0,0,0,1,0,0,0
9,9.7,2,2,4,3,2,4,2,2,0,0.0752577319587629,0,0,53,0,0,0,0,1,0,0,1,0,0,2,0,0,0,0,1,0,0,0,0,0,0,0,1,0,0,0
3,36.7,2,1,8,2,1,1,1,3,0,0.1896907216494845,3,0,53,0,0,0,0,1,1,0,0,0,0,2,0,1,0,0,0,0,0,0,0,0,0,0,0,1,0,0
9,81.1,2,1,5,3,2,2,3,3,1,0.9381443298969072,2,0,69,0,0,0,0,1,0,0,0,0,0,1,0,0,0,0,0,1,0,0,0,0,0,0,1,0,0,0
6,46.2,0,3,9,3,2,2,3,1,0,0.19896907216494844,3,1,78,0,0,0,0,0,1,0,0,0,0,1,0,1,0,0,0,0,0,0,0,0,0,0,1,0,0,0
4,21.2,0,1,2,2,0,2,1,0,1,0.13505154639175257,2,0,35,0,0,0,0,1,0,0,0,0,1,2,0,0,0,1,0,0,0,0,0,1,0,0,0,0,0,0
4,37.2,2,1,8,0,2,1,2,3,0,0.16288659793814433,3,0,48,1,0,0,0,1,1,0,0,0,0,3,0,1,0,0,0,0,0,0,1,0,0,0,0,0,0,0
5,43.2,0,2,2,1,0,2,3,1,0,0.5927835051546392,3,1,49,0,0,0,0,0,0,0,0,0,0,0,0,0,0,0,0,0,0,1,0,0,0,1,0,0,0,0
3,83.6,1,2,6,3,1,1,4,3,0,0.31237113402061856,1,1,74,0,0,0,0,0,0,0,0,0,0,0,0,0,0,0,0,0,1,0,0,0,0,0,1,0,0,0
5,53.2,2,1,10,1,2,1,1,4,1,0.4917525773195877,3,1,57,0,1,0,0,0,0,0,1,0,0,2,0,0,0,0,0,0,0,1,0,0,1,0,0,0,0,0
6,11.3,2,2,5,0,1,3,2,3,1,0.10103092783505156,1,1,29,0,0,0,0,0,0,0,1,0,0,1,0,0,0,0,1,0,0,0,0,0,0,0,0,1,0,0
9,83.4,0,3,6,0,0,1,3,3,0,0.9731958762886598,3,1,47,0,0,0,0,0,0,0,1,0,0,1,0,0,0,0,0,1,0,0,0,0,1,0,0,0,0,0
4,16.2,1,1,5,0,0,1,2,1,1,0.3350515463917526,3,0,20,0,1,1,0,1,0,0,0,1,0,4,0,0,1,0,0,0,0,0,0,0,1,0,0,0,0,0
7,28.6,0,1,3,0,0,3,1,1,0,0.5804123711340206,0,1,12,1,0,0,1,1,0,0,0,0,1,4,0,0,1,0,0,0,0,0,0,0,0,1,0,0,0,0
14,90.3,1,3,6,0,0,3,4,3,0,0.9288659793814432,3,1,46,0,0,0,0,0,0,0,0,0,0,0,0,1,0,0,0,0,0,0,0,0,0,0,1,0,0,0
6,90.4,2,3,9,3,2,4,3,4,0,0.7484536082474226,1,1,99,0,0,0,0,0,0,0,0,0,0,0,0,0,0,0,0,1,0,0,0,0,0,0,1,0,0,0
8,67.7,1,3,8,2,0,3,3,2,0,0.6546391752577319,0,0,55,0,0,1,1,0,0,0,0,0,0,2,1,0,0,0,0,0,0,0,0,0,0,0,1,0,0,0
11,41.4,2,1,7,3,2,2,3,3,0,0.9391752577319586,3,0,71,0,0,0,0,0,1,0,0,0,0,1,0,0,1,0,0,0,0,0,0,0,0,0,1,0,0,0
5,7.6,0,2,2,0,0,4,2,0,0,0.13402061855670103,1,0,18,0,0,0,0,0,0,0,0,0,0,0,0,0,0,0,0,1,0,0,0,0,0,1,0,0,0,0
8,86.5,2,2,9,2,2,3,3,4,0,0.37319587628865986,3,1,83,0,0,0,0,0,0,0,1,0,0,1,1,0,0,0,0,0,0,0,0,0,0,0,1,0,0,0
7,40.9,1,1,3,2,0,1,1,1,1,0.19175257731958764,3,1,36,0,1,0,0,0,0,0,0,0,0,1,0,0,0,0,0,0,0,1,0,0,1,0,0,0,0,0
3,4.3,0,3,1,0,0,2,3,0,0,0.25463917525773194,0,0,31,1,0,0,0,0,0,0,1,0,0,2,0,1,0,0,0,0,0,0,0,0,0,1,0,0,0,0
4,14.6,2,2,5,0,2,1,2,1,1,0.19278350515463916,3,0,37,0,0,0,0,0,0,0,0,0,0,0,0,1,0,0,0,0,0,0,0,0,1,0,0,0,0,0
6,92.7,2,3,9,3,1,4,4,4,0,0.6773195876288659,2,1,79,0,0,0,0,0,0,1,0,0,0,1,0,0,0,0,1,0,0,0,0,0,0,0,0,0,1,0
6,17.4,2,2,6,0,2,3,2,3,0,0.7999999999999999,2,0,48,0,0,0,0,0,0,0,0,0,0,0,0,0,0,0,0,1,0,0,0,0,0,0,1,0,0,0
4,22.8,0,3,6,2,1,2,2,3,0,0.9845360824742267,2,0,67,0,0,1,0,0,0,0,0,0,0,1,1,0,0,0,0,0,0,0,0,0,0,0,1,0,0,0
2,28.3,0,1,1,0,0,2,3,0,0,0.08556701030927837,3,0,34,0,0,1,0,0,0,0,1,0,0,2,0,0,1,0,0,0,0,0,0,0,0,0,1,0,0,0
6,22.5,0,1,5,2,1,1,3,1,0,0.1268041237113402,0,1,40,0,0,0,1,0,1,0,0,0,0,2,0,0,0,0,1,0,0,0,0,0,0,0,1,0,0,0
8,33.9,0,1,5,3,0,1,1,2,0,0.6041237113402061,0,0,36,0,0,0,0,0,0,0,0,0,0,0,0,0,0,1,0,0,0,0,0,0,0,0,1,0,0,0
2,75.4,1,1,3,2,2,1,3,2,1,0.30000000000000004,1,0,41,0,0,0,0,0,0,0,1,0,0,1,0,0,0,0,0,0,1,0,0,0,0,0,0,0,1,0
9,82.8,1,2,6,3,2,2,1,4,0,0.7742268041237113,1,0,57,0,0,0,0,0,0,0,0,1,0,1,0,1,0,0,0,0,0,0,0,0,0,0,1,0,0,0
9,86.3,1,1,4,1,0,2,2,2,0,0.4422680412371134,2,1,43,0,0,0,0,0,0,0,0,0,0,0,0,0,0,0,0,0,0,1,0,0,0,0,1,0,0,0
8,5.0,0,1,4,1,0,2,1,1,0,0.24329896907216494,2,0,43,0,0,0,0,0,1,0,0,0,0,1,0,0,0,0,0,0,0,1,0,0,0,0,0,1,0,0
8,63.3,2,1,9,2,2,1,3,4,0,0.5402061855670103,2,0,72,0,0,0,0,0,0,0,1,0,0,1,1,0,0,0,0,0,0,0,0,0,0,0,1,0,0,0
9,42.2,2,3,9,2,2,2,4,4,1,0.922680412371134,2,0,73,0,1,0,0,0,0,0,0,0,0,1,0,0,0,1,0,0,0,0,0,0,0,0,1,0,0,0
10,59.1,2,1,10,2,2,2,2,4,0,0.6010309278350515,0,0,64,0,0,0,0,0,1,0,0,0,0,1,0,0,0,0,0,0,0,1,0,0,0,0,1,0,0,0
6,48.3,2,3,6,2,2,3,4,4,0,0.43711340206185567,3,0,78,0,0,0,0,0,0,0,1,0,0,1,1,0,0,0,0,0,0,0,0,0,0,0,1,0,0,0
6,40.7,0,2,6,1,1,2,3,2,0,0.8742268041237112,3,0,49,1,0,0,0,1,0,0,1,0,0,3,1,0,0,0,0,0,0,0,0,0,1,0,0,0,0,0
6,51.2,0,3,2,3,1,4,3,1,1,0.8845360824742268,3,0,70,0,0,0,0,0,0,0,0,0,0,0,0,1,0,0,0,0,0,0,0,0,0,0,1,0,0,0
9,48.7,2,2,8,2,2,1,4,4,0,0.9824742268041237,0,1,72,0,0,0,0,0,0,0,0,0,0,0,1,0,0,0,0,0,0,0,0,0,0,0,1,0,0,0
5,76.9,0,3,4,3,0,2,4,1,1,0.05670103092783506,0,1,33,0,0,0,0,0,0,0,0,0,0,0,0,0,1,0,0,0,0,0,0,0,1,0,0,0,0,0
7,74.6,2,2,9,1,2,1,1,3,1,0.3237113402061856,0,0,54,1,0,0,1,1,0,0,0,0,0,3,0,0,0,0,0,0,1,0,0,0,0,0,1,0,0,0
4,5.1,0,1,2,0,0,4,1,0,0,0.7463917525773196,3,0,30,0,0,0,0,1,0,0,1,0,0,2,0,1,0,0,0,0,0,0,1,0,0,0,0,0,0,0
4,30.2,0,1,4,1,0,2,2,0,1,0.0577319587628866,3,1,31,1,1,0,0,0,0,0,0,0,0,2,1,0,0,0,0,0,0,0,0,0,0,1,0,0,0,0
5,15.7,2,1,10,0,1,4,1,2,0,0.39484536082474225,1,0,30,0,0,0,1,0,0,0,0,0,0,1,1,0,0,0,0,0,0,0,0,0,0,0,1,0,0,0
6,52.1,2,1,5,3,2,2,3,4,1,0.945360824742268,0,0,60,0,1,0,0,0,0,0,0,0,0,1,0,0,0,1,0,0,0,0,0,0,0,0,1,0,0,0
9,42.1,0,2,1,3,0,4,3,1,0,0.7608247422680412,0,0,51,0,0,0,0,0,0,0,0,0,0,0,0,0,1,0,0,0,0,0,0,0,0,0,1,0,0,0
6,75.7,2,3,8,2,2,2,4,4,0,0.46288659793814435,0,1,78,0,0,0,0,0,0,0,0,1,0,1,0,0,0,1,0,0,0,0,0,0,0,0,1,0,0,0
10,30.9,0,3,4,1,0,4,4,3,0,0.7670103092783506,1,1,48,0,0,0,0,0,0,1,0,0,0,1,0,0,0,0,1,0,0,0,0,0,0,0,1,0,0,0
6,5.4,0,1,3,3,1,3,1,0,0,0.7670103092783506,1,0,49,0,0,0,0,1,0,0,0,0,0,1,0,0,0,0,0,0,0,1,0,0,0,1,0,0,0,0
3,62.2,2,3,9,2,2,4,4,2,0,0.5773195876288659,1,0,77,0,0,0,0,0,0,0,0,0,0,0,0,1,0,0,0,0,0,0,0,0,0,0,1,0,0,0
9,63.7,1,1,8,1,1,1,1,3,0,0.7876288659793814,1,1,39,0,0,0,0,1,0,0,0,0,0,1,0,0,0,0,0,0,0,1,0,0,0,0,1,0,0,0
4,19.0,1,2,7,2,0,3,2,2,0,0.03092783505154639,0,0,45,0,0,0,1,0,0,0,1,0,0,2,0,0,0,0,0,0,1,0,0,0,0,0,1,0,0,0
6,52.5,0,2,5,1,1,2,3,1,0,0.1134020618556701,0,0,46,0,0,0,0,1,0,0,0,0,0,1,0,0,0,0,0,0,0,1,0,0,0,0,1,0,0,0
7,25.1,2,2,4,2,1,2,1,3,0,0.9298969072164949,3,0,60,0,0,0,0,0,0,0,0,0,0,0,0,0,1,0,0,0,0,0,0,0,0,0,1,0,0,0
4,78.8,2,1,8,3,2,1,2,1,0,0.1731958762886598,3,1,59,0,0,0,0,0,0,0,0,0,0,0,0,1,0,0,0,0,0,0,0,0,0,0,1,0,0,0
7,18.6,1,3,7,0,0,4,3,3,1,0.9999999999999999,0,1,28,0,0,0,1,0,0,0,0,0,0,1,0,0,1,0,0,0,0,0,0,0,0,0,0,0,1,0
6,74.1,0,2,2,1,1,3,3,1,1,0.6185567010309277,0,1,40,0,1,1,1,0,0,0,1,0,0,4,1,0,0,0,0,0,0,0,0,0,0,0,0,0,0,1
7,7.7,1,1,5,2,1,1,1,1,1,0.6422680412371133,0,0,22,0,1,0,0,1,0,0,0,0,0,2,0,0,0,0,0,1,0,0,1,0,0,0,0,0,0,0
6,72.1,2,1,6,0,2,1,2,3,0,0.8597938144329897,2,0,51,1,0,0,0,0,0,0,0,0,0,1,0,0,0,1,0,0,0,0,0,0,0,0,1,0,0,0
11,25.2,2,2,6,2,2,3,2,2,0,0.5144329896907216,0,0,53,0,0,0,0,0,0,1,0,0,0,1,0,1,0,0,0,0,0,0,1,0,0,0,0,0,0,0
10,66.8,2,2,9,1,2,2,2,4,0,0.7381443298969071,3,0,66,0,0,0,0,1,1,0,0,0,0,2,1,0,0,0,0,0,0,0,0,0,0,0,1,0,0,0
5,55.0,2,1,7,2,1,3,1,2,1,0.6515463917525773,2,0,52,0,0,1,0,1,0,0,0,1,0,3,0,0,0,0,1,0,0,0,0,1,0,0,0,0,0,0
5,73.1,1,2,2,1,1,3,2,1,0,0.06082474226804124,3,0,50,1,0,1,0,0,0,0,0,0,0,2,1,0,0,0,0,0,0,0,0,0,0,0,1,0,0,0
11,8.5,1,3,7,2,1,3,3,1,0,0.012371134020618558,1,1,46,0,0,1,0,1,0,0,0,1,0,3,0,0,0,0,0,1,0,0,0,0,0,0,1,0,0,0
2,11.5,0,1,7,1,0,3,1,0,1,0.46804123711340206,0,0,23,0,0,0,0,1,0,0,0,0,0,1,1,0,0,0,0,0,0,0,0,0,0,0,1,0,0,0
8,79.9,2,2,4,2,1,1,3,2,0,0.7577319587628866,3,1,51,0,0,1,0,1,1,0,0,0,0,3,0,0,0,0,0,1,0,0,0,0,0,0,0,1,0,0
6,26.9,2,2,8,1,1,3,1,1,0,0.8721649484536081,3,0,54,0,0,0,0,0,0,0,0,0,0,0,0,0,0,1,0,0,0,0,0,0,0,0,1,0,0,0
7,80.1,1,1,4,3,2,2,3,2,1,0.37216494845360826,3,0,54,0,0,0,0,0,0,0,0,0,0,0,0,0,0,0,1,0,0,0,0,1,0,0,0,0,0,0
4,41.1,1,3,7,3,2,4,4,4,0,0.24742268041237112,1,1,78,0,0,0,1,0,0,1,1,0,0,3,0,0,1,0,0,0,0,0,0,0,0,0,1,0,0,0
5,71.1,2,3,3,2,2,1,2,3,1,0.10515463917525773,0,0,54,0,1,0,0,0,0,0,1,0,0,2,0,0,0,0,0,0,0,1,0,0,0,0,1,0,0,0
7,25.8,0,2,4,1,0,1,4,3,0,0.32783505154639175,1,0,37,1,0,1,0,0,1,0,0,0,0,3,0,0,0,0,1,0,0,0,1,0,0,0,0,0,0,0
4,29.4,0,1,3,1,1,1,2,0,0,0.6618556701030928,3,0,42,1,0,0,0,1,0,0,1,0,0,3,0,0,0,0,1,0,0,0,0,0,0,0,1,0,0,0
11,92.6,1,3,6,3,0,1,4,3,0,0.4536082474226804,2,1,46,0,0,0,0,0,1,0,0,0,1,2,0,0,0,0,0,0,0,1,0,0,0,1,0,0,0,0
7,93.6,2,3,8,3,2,3,3,3,0,0.6587628865979381,3,0,99,0,0,0,0,1,0,0,0,0,0,1,1,0,0,0,0,0,0,0,0,0,0,0,1,0,0,0
5,29.7,0,2,2,0,0,2,4,1,0,0.3402061855670103,3,0,50,0,0,1,0,0,1,0,0,0,0,2,0,0,0,0,0,0,1,0,0,0,0,0,1,0,0,0
6,34.0,0,3,2,0,1,1,3,2,0,0.23195876288659792,0,0,34,0,0,0,0,0,0,0,0,0,0,0,0,0,0,0,0,1,0,0,0,0,0,1,0,0,0,0
7,13.5,1,2,7,0,1,1,3,3,1,0.3958762886597938,0,1,31,0,0,0,1,1,1,0,0,1,0,4,0,0,0,1,0,0,0,0,0,0,1,0,0,0,0,0
8,90.2,2,1,7,1,0,1,3,3,1,0.8329896907216494,1,0,40,0,0,0,0,0,0,0,1,0,0,1,0,1,0,0,0,0,0,0,0,0,1,0,0,0,0,0
7,63.9,2,2,10,2,2,1,2,4,0,0.8515463917525772,3,0,80,0,0,0,0,1,0,0,0,0,0,1,0,1,0,0,0,0,0,0,1,0,0,0,0,0,0,0
9,30.5,2,3,10,2,2,1,4,4,0,0.9082474226804123,2,1,73,0,0,0,0,0,0,0,0,0,0,0,0,1,0,0,0,0,0,0,0,0,0,0,1,0,0,0
8,59.9,2,2,4,3,1,2,4,3,0,0.4329896907216495,1,1,65,0,0,0,0,0,0,0,0,0,0,0,0,0,0,0,0,0,1,0,0,0,0,0,1,0,0,0
11,30.3,2,2,8,1,2,2,3,4,0,0.25051546391752577,2,0,51,0,0,0,0,1,0,0,0,0,0,1,0,0,0,0,1,0,0,0,0,0,0,0,1,0,0,0
11,35.1,1,3,1,3,1,3,1,2,1,0.7,3,0,49,0,1,0,0,0,0,0,0,1,0,2,0,0,1,0,0,0,0,0,0,0,1,0,0,0,0,0
6,26.8,0,2,3,1,0,3,1,2,0,0.1824742268041237,2,0,34,0,0,0,0,1,0,0,1,0,0,2,1,0,0,0,0,0,0,0,0,0,0,0,1,0,0,0
8,46.7,0,2,6,3,1,2,2,4,1,0.7948453608247421,2,1,73,0,0,0,0,0,0,0,0,0,0,0,1,0,0,0,0,0,0,0,0,0,0,0,1,0,0,0
5,65.2,0,1,3,2,0,2,3,0,0,0.08350515463917525,0,1,33,0,0,1,1,0,0,0,0,0,1,3,0,0,1,0,0,0,0,0,0,0,0,0,1,0,0,0
5,5.4,1,1,5,0,2,1,1,0,1,0.5762886597938144,1,0,23,1,1,0,1,0,0,0,0,0,0,3,1,0,0,0,0,0,0,0,0,1,0,0,0,0,0,0
3,33.6,0,1,4,0,0,1,2,0,1,0.645360824742268,0,0,28,0,0,0,0,0,0,1,0,0,0,1,0,1,0,0,0,0,0,0,0,0,0,0,0,1,0,0
4,53.9,2,3,7,1,2,4,4,2,0,0.0979381443298969,2,0,55,0,0,0,0,0,0,0,0,0,0,0,0,0,0,0,0,0,0,1,0,0,1,0,0,0,0,0
7,49.9,2,1,7,3,2,1,2,2,0,0.7721649484536083,3,0,60,0,0,0,0,0,0,0,0,1,0,1,0,0,1,0,0,0,0,0,0,0,1,0,0,0,0,0
7,37.3,0,2,3,2,0,1,3,1,0,0.37628865979381443,1,1,28,0,0,0,1,0,0,1,0,0,0,2,0,0,0,1,0,0,0,0,0,0,0,0,1,0,0,0
7,88.2,1,2,8,0,1,1,2,1,1,0.6443298969072164,1,1,41,0,0,1,1,0,0,0,0,0,0,2,0,0,0,0,1,0,0,0,0,0,0,0,1,0,0,0
6,13.6,1,2,4,2,1,4,2,4,0,0.6876288659793814,0,0,49,0,0,0,0,0,0,0,0,0,0,0,0,0,0,0,1,0,0,0,0,0,0,0,0,0,1,0
9,84.6,0,1,6,3,1,2,3,1,1,0.36185567010309283,0,1,33,0,0,0,1,0,0,0,0,0,0,1,1,0,0,0,0,0,0,0,0,0,0,0,0,0,0,1
5,51.1,2,3,4,1,0,3,3,3,0,0.9587628865979381,0,1,48,0,0,1,0,0,0,0,1,0,0,2,0,0,0,1,0,0,0,0,0,0,0,0,1,0,0,0
4,96.6,1,3,5,1,0,3,4,3,0,0.4958762886597939,2,0,53,0,0,0,0,0,0,0,0,1,0,1,0,1,0,0,0,0,0,0,0,0,0,1,0,0,0,0
4,60.2,0,2,1,0,0,2,2,0,1,0.03298969072164949,1,0,20,0,1,0,1,0,0,0,1,0,0,3,0,0,0,0,0,1,0,0,0,1,0,0,0,0,0,0
1,74.5,1,2,2,2,1,1,3,2,0,0.19690721649484536,0,0,47,0,0,0,0,0,0,1,0,0,0,1,1,0,0,0,0,0,0,0,0,0,0,0,1,0,0,0
10,64.3,0,1,8,0,0,3,1,1,1,0.6484536082474227,0,0,15,0,1,0,0,1,0,0,1,0,0,3,0,0,0,0,1,0,0,0,0,1,0,0,0,0,0,0
10,10.6,1,1,3,3,0,2,2,1,1,0.44536082474226807,3,0,27,0,0,1,0,1,0,0,0,0,0,2,0,0,0,0,0,0,0,1,0,0,0,1,0,0,0,0
8,98.7,2,3,8,3,2,4,4,4,1,0.1577319587628866,1,0,97,0,0,0,0,0,0,0,0,0,0,0,0,1,0,0,0,0,0,0,0,0,1,0,0,0,0,0
12,60.0,0,3,2,1,0,2,4,2,0,0.010309278350515465,1,1,38,0,0,1,0,0,1,0,0,0,0,2,0,1,0,0,0,0,0,0,0,0,0,0,1,0,0,0
5,37.9,0,1,6,2,1,1,1,1,0,0.4597938144329897,2,0,54,0,0,0,0,0,0,0,0,0,1,1,0,0,0,0,0,0,0,1,0,0,0,0,1,0,0,0
6,91.6,1,3,9,3,2,2,4,3,1,0.756701030927835,2,1,85,0,1,0,0,0,0,0,0,0,1,2,0,0,0,0,1,0,0,0,0,0,0,0,1,0,0,0
4,67.9,1,2,5,2,1,1,4,2,1,0.331958762886598,0,0,52,0,0,0,1,0,0,0,0,0,0,1,1,0,0,0,0,0,0,0,0,0,0,0,1,0,0,0
9,79.5,1,1,5,2,2,4,1,4,0,0.2175257731958763,3,0,58,0,0,0,0,1,0,0,0,0,0,1,0,0,0,0,0,0,0,1,0,0,1,0,0,0,0,0
3,12.6,0,2,3,0,0,3,2,1,0,0.05257731958762886,3,1,38,0,0,1,0,1,0,0,0,0,0,2,0,0,0,0,0,0,0,1,0,0,0,0,1,0,0,0
6,82.0,2,3,9,2,1,2,4,4,1,0.5175257731958762,3,0,74,0,0,0,0,0,0,0,0,0,0,0,1,0,0,0,0,0,0,0,0,0,0,0,1,0,0,0
7,4.6,2,1,7,1,1,1,1,1,1,0.8835051546391752,1,0,46,0,0,0,0,0,0,0,0,0,0,0,0,0,0,0,0,0,0,1,0,0,0,0,1,0,0,0
5,6.3,0,3,4,1,1,4,2,1,1,0.24020618556701032,2,1,30,0,0,0,0,0,0,0,1,0,0,1,0,0,0,0,0,0,1,0,0,0,1,0,0,0,0,0
4,68.0,1,1,8,3,2,2,1,2,0,0.33298969072164947,1,0,65,0,0,0,0,0,0,0,0,0,0,0,0,0,0,0,0,0,0,1,0,0,0,0,1,0,0,0
4,79.3,1,3,6,3,1,4,3,2,0,0.06701030927835051,1,1,67,0,0,0,0,0,0,0,0,0,0,0,0,0,1,0,0,0,0,0,0,0,0,0,1,0,0,0
2,5.3,1,1,7,1,0,1,1,0,1,0.04020618556701032,2,0,28,0,1,1,0,0,0,0,0,0,0,2,0,0,0,0,0,1,0,0,0,0,0,0,0,1,0,0
11,92.9,2,3,10,3,2,3,1,4,0,0.7226804123711339,3,1,90,0,0,0,0,0,0,0,0,0,0,0,0,0,0,0,0,0,0,1,0,0,0,0,1,0,0,0
8,89.4,2,2,10,1,1,2,4,4,0,0.7164948453608246,0,0,54,0,0,0,0,0,0,0,0,0,0,0,0,0,0,0,1,0,0,0,0,0,1,0,0,0,0,0
8,52.9,0,3,2,3,0,4,3,3,0,0.5216494845360824,0,1,64,0,0,0,1,0,0,0,0,0,0,1,0,0,0,1,0,0,0,0,0,0,0,0,1,0,0,0
7,95.7,0,1,5,3,0,2,2,2,0,0.6701030927835051,1,0,38,0,0,0,0,1,0,0,0,0,1,2,0,0,0,1,0,0,0,0,0,0,1,0,0,0,0,0
3,96.7,2,3,8,3,2,3,3,3,0,0.5752577319587628,0,1,92,0,0,0,1,0,0,0,0,0,0,1,0,0,0,0,0,0,1,0,0,0,0,0,1,0,0,0
4,58.2,1,3,3,3,2,4,4,2,0,0.08762886597938145,0,1,76,0,0,0,1,0,0,0,0,0,0,1,0,0,0,0,1,0,0,0,0,0,0,0,1,0,0,0
4,33.8,2,1,8,3,1,1,1,1,1,0.5381443298969072,1,0,39,0,0,0,1,0,0,0,0,0,0,1,0,0,0,0,0,1,0,0,0,0,0,0,1,0,0,0
6,49.2,2,2,6,1,1,2,4,4,1,0.5845360824742268,3,0,63,1,1,0,0,0,0,0,0,0,0,2,0,1,0,0,0,0,0,0,0,1,0,0,0,0,0,0
9,76.4,2,2,10,3,2,2,4,4,0,0.6731958762886597,1,0,77,0,0,0,0,0,0,0,0,0,0,0,0,0,0,0,1,0,0,0,0,0,0,0,1,0,0,0
5,91.5,0,3,7,1,1,3,4,3,0,0.965979381443299,1,0,55,0,0,1,0,0,0,0,0,0,0,1,1,0,0,0,0,0,0,0,0,0,0,0,1,0,0,0
6,39.7,1,3,4,1,2,2,4,2,0,0.5309278350515464,3,0,65,1,0,0,0,0,0,0,0,0,0,1,0,0,0,0,0,0,1,0,0,0,0,0,1,0,0,0
4,91.8,0,2,3,3,1,4,2,0,0,0.35773195876288666,2,0,49,0,0,0,0,1,0,0,1,0,0,2,0,1,0,0,0,0,0,0,0,0,1,0,0,0,0,0
4,9.2,1,3,6,0,0,3,4,3,1,0.6164948453608247,3,1,28,1,1,0,0,0,0,0,0,0,0,2,0,0,1,0,0,0,0,0,0,0,1,0,0,0,0,0
5,68.6,0,2,3,1,0,2,3,0,0,0.17938144329896905,0,1,34,1,0,0,0,0,0,0,0,0,0,1,0,0,0,0,0,1,0,0,0,0,0,0,1,0,0,0
9,10.9,0,2,4,0,2,1,3,2,0,0.41030927835051545,3,1,48,1,0,0,0,0,0,0,0,0,0,1,0,0,0,0,0,0,0,1,1,0,0,0,0,0,0,0
4,20.4,0,1,4,3,0,2,2,0,0,0.26907216494845365,0,0,23,0,0,0,1,0,0,0,0,0,0,1,0,0,0,0,0,1,0,0,0,0,1,0,0,0,0,0
7,17.6,2,1,7,1,2,1,1,2,0,0.8917525773195876,0,0,37,0,0,0,1,1,1,0,0,0,0,3,0,0,0,0,0,1,0,0,0,0,0,0,1,0,0,0
5,26.0,0,3,4,3,0,4,4,0,0,0.1381443298969072,2,1,58,0,0,0,0,0,0,0,0,0,0,0,0,0,0,1,0,0,0,0,0,0,0,0,1,0,0,0
6,14.1,2,2,10,1,2,1,2,3,0,0.34329896907216495,1,1,56,1,0,0,0,0,0,1,0,0,0,2,1,0,0,0,0,0,0,0,0,0,0,0,1,0,0,0
5,11.8,0,3,6,0,0,1,4,2,0,0.8123711340206184,0,1,32,0,0,0,1,0,0,0,1,0,0,2,0,0,1,0,0,0,0,0,0,0,0,1,0,0,0,0
6,94.4,2,3,9,2,2,2,3,4,0,0.6670103092783505,3,1,85,0,0,0,0,0,1,0,0,0,0,1,0,0,0,0,0,0,1,0,0,0,0,0,1,0,0,0
3,95.1,1,1,7,3,0,1,2,3,1,0.055670103092783516,1,1,48,0,0,0,0,1,0,0,0,0,0,1,1,0,0,0,0,0,0,0,0,0,0,0,1,0,0,0
3,68.4,0,1,9,1,0,3,4,0,0,0.1515463917525773,0,0,36,0,0,0,0,0,0,0,1,0,0,1,0,0,0,0,0,1,0,0,0,0,0,0,1,0,0,0
6,46.9,0,1,4,2,1,1,2,3,0,0.48041237113402063,3,0,44,0,0,0,0,0,1,0,0,0,0,1,0,1,0,0,0,0,0,0,0,0,0,1,0,0,0,0
2,70.3,1,1,3,2,0,2,1,0,1,0.5195876288659793,2,0,27,0,1,0,0,1,1,0,0,0,0,3,0,0,0,0,0,1,0,0,0,0,0,0,0,1,0,0
5,27.0,0,3,2,0,0,2,3,2,1,0.29896907216494845,0,1,39,0,0,0,0,0,0,0,1,1,0,2,0,0,0,0,0,0,0,1,0,0,0,0,1,0,0,0
6,98.6,2,1,7,2,0,2,2,1,1,0.02268041237113402,2,0,27,0,0,0,0,1,0,0,1,1,0,3,0,0,0,1,0,0,0,0,0,1,0,0,0,0,0,0
4,39.3,2,1,6,2,1,2,3,3,0,0.45567010309278355,1,0,48,0,0,0,0,1,1,0,1,0,0,3,0,0,0,1,0,0,0,0,0,0,0,0,1,0,0,0
4,89.6,0,3,5,2,0,1,4,2,1,0.4268041237113402,1,0,40,0,1,0,0,0,0,0,0,0,0,1,0,0,0,0,0,0,1,0,0,0,0,0,1,0,0,0
8,98.4,2,3,5,3,2,3,4,3,0,0.6494845360824741,3,1,99,0,0,0,0,0,0,0,0,1,0,1,0,0,0,1,0,0,0,0,0,0,1,0,0,0,0,0
8,3.5,2,2,4,0,1,1,2,3,0,0.9329896907216494,3,1,48,1,0,1,0,1,0,0,0,0,0,3,0,0,1,0,0,0,0,0,0,0,0,0,1,0,0,0
7,44.4,2,1,9,3,2,2,1,3,0,0.9072164948453608,3,0,73,0,0,0,0,0,0,0,0,0,0,0,0,1,0,0,0,0,0,0,0,0,0,0,1,0,0,0
4,3.7,0,1,1,1,0,1,2,0,1,0.028865979381443297,2,0,30,1,0,0,0,0,0,1,0,0,0,2,0,0,0,0,0,0,0,1,0,0,0,0,0,1,0,0
7,78.4,1,3,7,1,2,3,4,4,0,0.8670103092783504,3,0,68,1,0,0,0,0,0,0,0,0,0,1,0,0,0,0,0,1,0,0,0,0,0,0,1,0,0,0
7,92.0,2,3,10,3,2,4,4,4,0,0.7783505154639174,3,0,97,0,0,0,0,0,0,0,0,0,0,0,0,0,0,0,0,0,0,1,0,0,1,0,0,0,0,0
5,7.2,1,2,5,0,0,2,2,1,0,0.031958762886597936,1,0,25,0,0,0,1,1,0,0,1,0,0,3,0,0,0,1,0,0,0,0,0,0,0,0,0,1,0,0
6,28.2,0,2,6,3,2,2,3,1,0,0.08144329896907217,1,1,50,0,0,0,1,0,0,0,0,0,0,1,1,0,0,0,0,0,0,0,0,0,1,0,0,0,0,0
4,89.4,1,1,5,1,0,3,2,0,0,0.3134020618556701,3,0,45,0,0,0,0,0,0,0,0,0,0,0,0,0,0,0,1,0,0,0,0,0,0,0,1,0,0,0
9,71.6,1,2,9,3,2,2,3,2,1,0.5391752577319587,3,1,70,0,1,0,0,0,0,0,0,0,0,1,0,1,0,0,0,0,0,0,0,1,0,0,0,0,0,0
10,67.5,2,1,7,3,2,3,1,4,0,0.40309278350515465,3,0,74,0,0,0,0,0,0,0,0,0,0,0,1,0,0,0,0,0,0,0,0,0,0,0,1,0,0,0
4,65.7,1,1,7,3,1,2,2,2,0,0.2494845360824742,1,0,51,0,0,1,0,1,0,0,0,0,0,2,0,1,0,0,0,0,0,0,0,0,0,0,1,0,0,0
7,37.1,2,2,9,2,2,2,3,3,1,0.9154639175257732,1,1,72,0,0,0,1,0,0,0,0,0,0,1,0,0,0,0,1,0,0,0,0,0,0,0,1,0,0,0
6,17.7,1,3,4,2,0,2,3,1,1,0.07938144329896907,0,0,36,0,0,0,1,0,0,0,0,0,0,1,1,0,0,0,0,0,0,0,0,0,0,0,0,0,0,1
6,87.7,0,3,6,3,2,3,3,3,1,0.7752577319587629,3,0,84,0,0,0,0,0,0,0,0,0,0,0,0,0,0,0,0,0,1,0,0,0,0,0,1,0,0,0
4,85.2,2,2,6,0,1,2,3,3,0,0.777319587628866,1,1,48,1,0,0,0,0,0,0,1,0,0,2,0,0,0,0,0,1,0,0,0,0,0,0,0,1,0,0
8,37.5,2,2,9,1,2,2,3,4,0,0.17525773195876287,2,1,60,0,0,0,0,0,0,0,0,0,0,0,0,0,1,0,0,0,0,0,1,0,0,0,0,0,0,0
5,14.7,1,1,4,2,0,1,3,2,1,0.31134020618556707,3,0,32,0,0,1,0,1,1,0,0,0,0,3,0,0,0,0,0,1,0,0,0,0,0,1,0,0,0,0
4,4.5,0,1,4,0,0,1,1,1,0,0.32680412371134027,3,0,46,0,0,0,0,0,1,0,0,0,0,1,1,0,0,0,0,0,0,0,1,0,0,0,0,0,0,0
8,36.4,1,2,8,0,1,3,2,3,0,0.05154639175257732,3,1,42,1,0,0,0,0,0,0,1,0,0,2,0,1,0,0,0,0,0,0,0,0,0,0,0,1,0,0
11,74.2,0,3,3,1,1,4,4,1,0,0.34536082474226804,1,0,43,1,0,0,0,0,0,0,0,0,0,1,0,1,0,0,0,0,0,0,0,0,0,0,1,0,0,0
4,39.0,1,2,3,0,0,2,3,0,0,0.017525773195876292,3,0,38,0,0,0,0,0,0,1,0,0,0,1,0,0,0,0,1,0,0,0,1,0,0,0,0,0,0,0
5,50.3,1,1,1,1,1,2,2,1,0,0.23711340206185563,1,1,29,1,0,0,1,1,0,0,0,1,0,4,0,0,0,1,0,0,0,0,0,0,0,0,0,0,1,0
6,57.5,0,2,2,2,0,1,3,3,0,0.8690721649484535,2,1,40,0,0,1,0,0,0,0,0,0,0,1,0,0,0,0,0,1,0,0,0,0,0,0,1,0,0,0
8,73.2,2,2,7,3,1,1,4,4,0,0.44948453608247424,3,0,67,0,0,0,0,0,0,0,0,0,0,0,0,0,0,0,1,0,0,0,0,0,0,0,1,0,0,0
8,6.9,2,1,6,1,2,2,2,4,0,0.9958762886597937,3,1,58,1,0,0,0,0,0,0,1,0,0,2,0,0,0,0,0,0,0,1,0,0,0,0,1,0,0,0
9,35.2,1,1,3,1,1,1,1,2,0,0.4443298969072165,1,0,41,0,0,1,0,0,0,0,1,0,0,2,0,0,0,0,0,0,0,1,0,0,1,0,0,0,0,0
12,54.4,1,1,5,1,1,2,2,4,1,0.5443298969072164,1,1,35,0,0,0,0,1,0,0,1,0,0,2,0,0,1,0,0,0,0,0,0,0,0,0,1,0,0,0
5,94.7,1,3,8,3,1,4,4,3,0,0.9195876288659793,3,1,85,0,0,0,0,0,0,0,0,0,0,0,1,0,0,0,0,0,0,0,0,0,0,0,1,0,0,0
7,3.2,2,1,10,2,2,2,1,2,0,0.7845360824742267,2,1,56,0,0,0,0,1,0,0,0,0,0,1,0,0,0,0,0,1,0,0,0,0,0,0,1,0,0,0
8,39.5,1,3,7,1,1,4,4,4,1,0.23092783505154638,3,1,52,0,0,1,0,0,0,0,0,0,0,1,0,1,0,0,0,0,0,0,0,0,0,0,0,1,0,0
7,24.9,1,3,9,1,1,4,1,3,1,0.5989690721649484,3,1,50,0,0,0,0,0,0,0,0,0,0,0,0,0,0,0,1,0,0,0,0,0,0,0,1,0,0,0
6,17.8,1,3,6,2,0,1,4,3,0,0.8309278350515463,0,1,41,0,0,0,1,0,0,0,0,0,0,1,0,0,0,1,0,0,0,0,0,0,0,0,1,0,0,0
8,16.8,0,1,4,0,0,2,1,2,0,0.7041237113402061,0,0,22,1,0,1,0,0,1,0,0,0,0,3,0,0,0,0,0,0,1,0,0,0,0,0,0,0,1,0
8,65.8,2,2,10,2,2,3,1,4,1,0.8577319587628865,0,0,70,0,0,0,0,1,0,0,0,0,0,1,0,0,0,0,0,0,0,1,0,0,0,0,1,0,0,0
5,26.6,0,1,2,1,2,1,4,4,0,0.7350515463917525,0,0,41,1,0,0,0,0,1,0,0,0,0,2,0,0,0,0,0,1,0,0,1,0,0,0,0,0,0,0
3,54.1,0,2,6,1,0,2,2,0,1,0.1556701030927835,1,0,24,0,0,0,0,0,0,1,0,1,0,2,1,0,0,0,0,0,0,0,1,0,0,0,0,0,0,0
5,48.6,0,1,4,1,0,1,1,2,1,0.2804123711340206,0,0,18,0,0,0,0,1,0,0,1,0,0,2,0,0,0,0,1,0,0,0,0,1,0,0,0,0,0,0
7,27.2,0,1,8,0,0,1,3,3,1,0.17628865979381445,2,1,26,1,0,0,0,0,0,0,1,1,0,3,0,0,1,0,0,0,0,0,0,0,0,0,0,1,0,0
6,29.5,1,3,2,2,1,2,2,2,0,0.15257731958762885,2,0,58,0,0,0,0,0,0,0,1,0,0,1,0,1,0,0,0,0,0,0,0,0,0,0,1,0,0,0
6,52.7,0,1,7,3,0,1,2,3,0,0.8237113402061855,1,0,45,0,0,0,0,0,1,0,0,0,0,1,0,1,0,0,0,0,0,0,0,0,0,0,1,0,0,0
11,70.1,2,3,9,3,2,4,4,4,1,0.7309278350515463,3,1,93,0,0,0,0,0,0,0,0,1,0,1,0,0,0,0,1,0,0,0,0,0,0,0,1,0,0,0
7,90.6,1,1,6,3,2,1,4,4,0,0.9948453608247422,0,0,79,0,0,0,1,0,1,0,0,0,0,2,1,0,0,0,0,0,0,0,0,0,0,0,1,0,0,0
9,50.9,2,1,9,2,2,2,2,4,0,0.9546391752577319,1,0,62,0,0,0,1,0,0,0,1,1,0,3,1,0,0,0,0,0,0,0,0,0,0,0,1,0,0,0
11,18.1,2,1,9,2,2,3,1,3,0,0.9628865979381444,1,0,67,0,0,0,0,0,0,0,0,0,0,0,0,1,0,0,0,0,0,0,0,0,0,0,1,0,0,0
6,65.1,0,3,3,1,0,3,3,3,0,0.6639175257731958,1,0,46,0,0,0,0,0,0,0,0,0,0,0,0,0,0,0,0,1,0,0,0,0,0,0,1,0,0,0
3,67.1,0,1,4,0,0,2,1,0,0,0.09999999999999999,2,0,32,0,0,0,0,0,0,0,0,0,0,0,0,0,0,0,0,1,0,0,0,0,0,0,1,0,0,0
4,75.3,2,2,8,1,1,1,2,3,0,0.18144329896907216,1,0,51,0,0,0,1,0,0,0,0,0,0,1,0,0,0,1,0,0,0,0,0,0,0,0,1,0,0,0
5,97.1,2,3,9,3,2,3,4,4,1,0.9432989690721649,2,0,95,0,0,0,0,0,0,0,0,0,0,0,0,0,0,0,0,0,0,1,0,0,1,0,0,0,0,0
2,77.3,0,2,2,2,1,1,4,2,0,0.3185567010309278,1,0,39,0,0,1,1,0,0,0,0,0,0,2,0,0,0,1,0,0,0,0,0,0,0,0,1,0,0,0
6,36.2,0,2,2,1,0,2,2,0,0,0.04948453608247423,2,0,33,0,0,0,0,0,0,0,0,0,0,0,0,0,0,0,0,1,0,0,0,0,0,0,0,0,1,0
12,27.8,2,2,7,1,2,3,3,3,1,0.9371134020618557,0,0,39,0,0,0,0,0,0,0,1,0,0,1,0,0,0,0,1,0,0,0,0,0,1,0,0,0,0,0
5,62.1,2,3,7,3,2,4,2,1,0,0.6,3,1,75,0,0,0,0,0,0,0,0,0,0,0,0,0,0,0,0,1,0,0,0,0,0,0,1,0,0,0
7,35.3,0,2,1,0,0,2,3,1,1,0.8175257731958762,1,0,14,0,1,0,0,0,0,0,0,0,1,2,0,0,0,0,0,1,0,0,0,0,0,0,0,1,0,0
8,50.0,1,2,8,2,1,3,2,3,1,0.7072164948453608,3,0,58,0,1,1,0,1,0,0,0,0,0,3,0,0,0,0,0,0,0,1,0,0,0,0,1,0,0,0
4,28.5,0,3,2,3,0,2,3,3,0,0.4731958762886598,2,1,52,0,0,0,0,0,1,0,1,0,1,3,0,0,0,0,0,1,0,0,0,0,0,0,0,0,1,0
5,91.7,0,3,3,0,0,4,4,3,0,0.6979381443298969,1,1,34,1,0,0,1,0,0,0,0,0,0,2,0,0,1,0,0,0,0,0,0,0,0,0,1,0,0,0
8,37.8,1,1,4,3,2,1,1,2,1,0.2639175257731959,0,0,35,0,0,0,1,0,0,0,0,0,0,1,0,0,1,0,0,0,0,0,0,0,0,0,1,0,0,0
7,50.2,1,1,7,2,1,1,2,2,0,0.8402061855670102,1,1,41,0,0,0,0,1,1,0,1,1,0,4,1,0,0,0,0,0,0,0,0,0,0,1,0,0,0,0
7,30.6,2,1,8,2,2,1,4,4,0,0.8659793814432989,3,0,69,0,0,0,0,0,0,0,0,0,0,0,0,0,0,0,0,0,0,1,0,0,0,0,1,0,0,0
5,60.5,0,3,4,0,1,2,3,0,0,0.06288659793814433,3,1,33,1,0,0,0,0,1,0,0,0,0,2,0,0,1,0,0,0,0,0,0,0,1,0,0,0,0,0
6,38.6,2,1,8,1,2,1,2,2,0,0.2030927835051546,3,1,55,0,0,0,0,0,0,0,0,0,0,0,0,0,0,1,0,0,0,0,0,0,1,0,0,0,0,0
5,13.7,0,1,1,0,0,3,2,2,0,0.4865979381443299,3,0,41,0,0,0,0,1,0,0,0,0,0,1,0,1,0,0,0,0,0,0,0,0,0,0,0,1,0,0
6,76.7,1,2,5,3,1,4,4,2,1,0.6938144329896906,0,1,60,0,0,0,0,0,0,0,0,0,0,0,0,0,1,0,0,0,0,0,0,0,0,0,1,0,0,0
6,34.5,1,1,3,2,0,1,3,3,0,0.48350515463917526,0,1,38,0,0,0,1,0,0,0,1,0,0,2,0,0,0,1,0,0,0,0,0,0,1,0,0,0,0,0
5,93.9,0,1,5,0,0,1,3,0,0,0.14948453608247422,3,0,40,0,0,0,0,0,0,0,0,0,0,0,0,0,1,0,0,0,0,0,0,0,0,1,0,0,0,0
10,77.5,2,1,9,2,2,2,1,2,1,0.9783505154639175,3,1,59,0,0,0,0,0,0,1,0,0,0,1,0,0,0,0,0,0,0,1,1,0,0,0,0,0,0,0
7,31.0,1,1,7,1,0,2,1,1,0,0.936082474226804,3,1,47,1,0,0,0,0,0,0,0,0,0,1,0,0,0,0,1,0,0,0,0,0,1,0,0,0,0,0
4,40.5,2,3,9,1,1,1,3,4,0,0.8288659793814434,1,1,66,0,0,0,0,0,0,0,0,0,0,0,0,0,0,0,0,0,0,1,0,0,0,0,1,0,0,0
7,31.3,1,3,4,2,0,4,2,1,1,0.2020618556701031,0,0,31,0,0,0,0,0,0,0,0,0,0,0,0,0,0,0,1,0,0,0,0,0,0,1,0,0,0,0
3,12.2,0,3,3,0,0,3,2,0,1,0.44123711340206184,3,0,30,1,0,0,0,0,0,0,0,0,0,1,1,0,0,0,0,0,0,0,0,0,0,0,1,0,0,0
6,63.0,2,3,4,0,2,3,2,3,1,0.39999999999999997,2,0,38,0,1,0,0,0,0,1,0,0,0,2,0,1,0,0,0,0,0,0,0,0,1,0,0,0,0,0
6,97.5,2,3,10,2,2,4,4,4,0,0.9041237113402062,3,1,91,0,0,0,0,0,0,0,0,1,0,1,0,0,0,0,1,0,0,0,0,0,0,0,1,0,0,0
6,71.3,1,2,5,3,1,4,4,4,0,0.6783505154639174,1,0,79,0,0,0,0,0,0,0,0,0,0,0,0,0,0,0,0,0,1,0,0,0,0,0,1,0,0,0
9,64.1,1,3,4,2,2,3,4,4,1,0.3752577319587629,3,0,68,0,1,0,0,0,0,0,0,0,0,1,0,0,0,0,0,0,1,0,0,0,0,0,1,0,0,0
3,20.6,1,1,6,2,1,4,1,2,1,0.9185567010309277,0,0,45,0,0,0,0,0,0,0,0,0,0,0,1,0,0,0,0,0,0,0,0,0,0,0,1,0,0,0
10,23.6,0,1,1,1,1,2,4,2,1,0.7917525773195876,3,0,49,0,0,1,0,0,0,0,0,0,0,1,0,0,0,0,0,0,1,0,0,0,0,0,1,0,0,0
9,55.7,1,3,10,2,2,3,4,4,0,0.6103092783505154,2,0,72,0,0,0,0,0,0,0,0,0,1,1,0,0,0,1,0,0,0,0,0,0,0,0,1,0,0,0
6,43.0,1,2,4,0,0,4,3,1,0,0.2670103092783505,1,1,15,1,0,1,1,0,0,0,1,0,0,4,0,0,0,0,1,0,0,0,0,0,1,0,0,0,0,0
7,59.8,0,2,4,2,1,1,3,1,0,0.41340206185567013,3,1,54,0,0,0,0,0,0,0,1,0,0,1,0,0,0,0,0,0,0,1,0,0,1,0,0,0,0,0
9,88.5,1,3,7,2,2,1,2,4,1,0.6845360824742268,3,1,66,0,1,0,0,0,0,0,0,0,0,1,0,0,0,0,1,0,0,0,0,1,0,0,0,0,0,0
5,23.5,1,3,6,0,0,3,2,2,0,0.788659793814433,0,1,22,0,0,0,1,0,0,0,0,1,0,2,0,0,1,0,0,0,0,0,0,0,0,0,0,0,0,1
5,38.7,2,3,6,2,1,1,2,1,0,0.5742268041237113,1,0,60,0,0,0,0,0,0,0,1,0,1,2,0,0,0,0,0,0,0,1,0,0,0,0,1,0,0,0
5,91.3,2,2,8,3,2,3,4,4,1,0.34226804123711346,1,1,82,0,1,0,0,0,0,0,0,0,0,1,0,0,1,0,0,0,0,0,0,0,0,0,1,0,0,0
10,38.0,0,2,7,1,2,4,1,3,0,0.634020618556701,3,0,41,0,0,0,0,1,0,0,0,0,1,2,0,0,0,0,0,0,0,1,0,0,1,0,0,0,0,0
11,30.8,2,1,8,2,1,2,3,4,0,0.9670103092783504,3,1,60,0,0,0,0,0,0,0,1,0,0,1,0,0,1,0,0,0,0,0,0,0,0,0,1,0,0,0
6,99.0,2,3,10,3,2,1,4,4,0,0.9597938144329896,2,1,87,0,0,0,0,0,0,0,0,0,0,0,0,0,1,0,0,0,0,0,0,0,1,0,0,0,0,0
8,83.0,1,3,3,3,0,4,3,1,1,0.511340206185567,1,1,54,0,0,0,0,0,0,0,0,0,0,0,1,0,0,0,0,0,0,0,0,0,0,0,1,0,0,0
3,30.0,0,2,4,0,0,3,2,0,0,0.3505154639175258,1,0,26,1,0,0,1,0,0,0,0,0,0,2,0,0,0,1,0,0,0,0,0,0,0,0,0,0,0,1
5,88.9,2,3,7,3,1,4,4,4,0,0.8164948453608247,0,1,84,0,0,0,0,0,0,0,0,0,0,0,1,0,0,0,0,0,0,0,0,0,0,0,1,0,0,0
5,67.2,0,1,3,1,1,1,1,0,1,0.41958762886597945,0,0,21,0,0,0,1,1,0,0,0,0,0,2,0,0,0,0,0,1,0,0,0,0,0,1,0,0,0,0
8,69.5,1,2,5,1,2,2,2,1,0,0.5494845360824742,0,1,46,0,0,0,0,1,0,0,1,0,0,2,0,0,0,0,0,1,0,0,0,0,0,0,1,0,0,0
7,26.3,1,1,3,3,1,1,3,2,1,0.9268041237113402,2,1,50,0,0,0,0,0,0,0,0,0,0,0,0,0,0,0,1,0,0,0,0,0,0,0,1,0,0,0
3,6.8,0,1,2,0,0,1,2,0,0,0.0,2,0,33,1,0,0,0,1,0,0,1,0,0,3,0,1,0,0,0,0,0,0,0,0,0,0,1,0,0,0
2,82.9,1,2,5,2,0,3,4,2,0,0.38762886597938145,3,1,53,0,0,0,0,0,0,0,0,0,0,0,0,1,0,0,0,0,0,0,0,0,0,0,1,0,0,0
7,40.2,2,1,6,1,2,2,1,1,0,0.14536082474226805,2,0,42,0,0,0,0,0,0,0,0,0,0,0,0,0,0,0,0,1,0,0,0,0,0,0,1,0,0,0
6,11.6,1,2,7,2,1,3,3,2,0,0.16804123711340205,3,0,62,0,0,0,0,0,0,0,0,0,0,0,0,0,0,0,0,0,0,1,0,0,0,0,1,0,0,0
6,56.8,2,2,7,2,1,1,3,1,1,0.7278350515463916,1,0,58,0,1,0,0,0,0,0,0,1,0,2,0,1,0,0,0,0,0,0,0,1,0,0,0,0,0,0
7,97.6,0,3,4,1,0,2,2,2,1,0.3195876288659794,0,0,33,0,1,0,0,0,0,0,0,0,0,1,0,0,1,0,0,0,0,0,0,0,0,0,1,0,0,0
8,12.1,2,3,7,1,2,2,1,3,1,0.334020618556701,1,0,41,0,1,0,0,0,0,0,0,0,0,1,0,0,0,1,0,0,0,0,0,0,0,0,1,0,0,0
5,51.9,0,1,2,0,0,1,1,0,1,0.004123711340206185,1,0,20,0,1,0,1,0,1,0,0,0,0,3,0,0,0,0,0,0,1,0,0,0,0,0,0,1,0,0
7,10.8,2,1,7,1,1,1,2,4,1,0.9680412371134021,0,1,36,0,1,0,1,0,1,0,1,0,0,4,0,0,0,0,1,0,0,0,0,0,1,0,0,0,0,0
10,81.4,2,3,9,0,2,2,4,3,1,0.6329896907216495,2,0,63,0,0,0,0,0,0,0,0,0,0,0,0,0,0,0,0,0,1,0,0,0,0,0,1,0,0,0
7,46.3,2,3,9,0,1,3,4,3,1,0.41546391752577316,1,0,46,0,0,0,0,0,0,0,0,0,0,0,0,0,1,0,0,0,0,0,0,0,0,0,1,0,0,0
8,32.2,1,1,10,2,2,3,1,2,0,0.15463917525773194,1,0,53,0,0,0,0,0,0,0,0,0,0,0,0,0,0,0,0,0,0,1,0,0,0,0,1,0,0,0
8,28.1,0,2,6,0,0,4,1,1,1,0.27010309278350514,2,1,24,1,1,1,0,0,0,0,1,0,0,4,0,0,0,0,1,0,0,0,0,1,0,0,0,0,0,0
3,72.7,2,1,3,3,2,1,1,1,0,0.029896907216494847,3,0,50,0,0,0,0,0,0,0,0,0,0,0,0,1,0,0,0,0,0,0,0,0,1,0,0,0,0,0
5,42.9,1,2,3,3,1,2,2,1,0,0.12371134020618556,0,0,48,0,0,0,0,0,1,0,0,0,0,1,0,0,0,0,1,0,0,0,0,0,0,0,1,0,0,0
4,9.0,2,2,6,1,2,3,1,3,0,0.6237113402061856,2,0,37,1,0,0,0,1,0,0,0,0,0,2,0,0,0,0,0,1,0,0,1,0,0,0,0,0,0,0
7,29.0,0,3,2,1,0,4,2,1,0,0.7195876288659793,2,0,38,0,0,0,0,0,0,0,0,0,0,0,1,0,0,0,0,0,0,0,0,0,0,0,0,0,1,0
7,47.3,0,3,2,0,0,3,1,1,1,0.07835051546391752,2,0,22,0,0,0,0,0,0,0,0,0,0,0,0,0,1,0,0,0,0,0,0,0,0,0,1,0,0,0
12,52.0,1,2,9,0,2,3,2,3,0,0.9938144329896906,1,0,36,0,0,0,0,1,0,0,0,0,0,1,0,0,1,0,0,0,0,0,1,0,0,0,0,0,0,0
10,62.4,2,1,10,0,2,2,1,3,1,0.7701030927835051,0,1,25,0,0,0,1,0,0,0,1,0,0,2,0,0,0,1,0,0,0,0,1,0,0,0,0,0,0,0
3,70.2,2,3,7,1,1,2,4,3,1,0.9051546391752576,3,1,63,0,0,0,0,0,0,0,0,0,1,1,0,0,0,0,0,0,0,1,1,0,0,0,0,0,0,0
7,96.5,2,3,8,3,2,2,4,4,1,0.8999999999999999,1,0,92,0,1,0,0,1,0,0,0,0,0,2,0,1,0,0,0,0,0,0,0,0,1,0,0,0,0,0
7,6.0,1,3,6,0,0,3,1,2,1,0.4216494845360825,1,1,29,1,0,0,0,1,0,0,0,1,1,4,0,0,0,0,1,0,0,0,0,0,0,0,1,0,0,0
6,70.5,1,2,6,1,0,1,3,3,0,0.18865979381443299,3,0,47,0,0,0,0,0,0,1,0,0,0,1,0,1,0,0,0,0,0,0,1,0,0,0,0,0,0,0
9,5.2,0,1,3,1,1,1,3,1,0,0.8865979381443299,1,0,36,0,0,0,0,0,1,0,0,0,0,1,0,1,0,0,0,0,0,0,0,0,0,0,0,1,0,0
12,28.9,0,2,2,0,0,3,4,3,0,0.8701030927835052,3,1,41,0,0,0,0,0,0,0,1,1,0,2,0,1,0,0,0,0,0,0,0,0,1,0,0,0,0,0
2,28.7,0,2,4,2,0,3,3,1,1,0.14432989690721648,0,0,30,0,0,1,1,0,0,0,0,0,0,2,0,0,0,0,0,0,1,0,0,0,0,0,0,1,0,0
7,18.0,0,1,4,1,1,4,3,2,0,0.9494845360824741,1,0,33,0,0,0,1,0,0,0,0,1,0,2,0,0,1,0,0,0,0,0,0,0,0,0,0,0,1,0
11,32.1,1,1,1,3,0,2,1,3,1,0.9103092783505153,1,0,32,0,0,0,1,0,0,0,1,0,0,2,0,0,0,0,0,0,1,0,0,0,0,1,0,0,0,0
4,81.9,1,3,5,1,1,2,3,3,0,0.7298969072164948,0,0,48,0,0,1,0,0,0,0,0,0,0,1,1,0,0,0,0,0,0,0,0,0,0,1,0,0,0,0
3,79.1,1,3,8,3,1,2,2,3,1,0.7412371134020619,2,1,66,0,1,0,0,1,0,0,0,0,0,2,0,0,0,0,0,0,0,1,0,1,0,0,0,0,0,0
12,6.4,1,3,6,1,0,4,4,3,0,0.724742268041237,1,1,30,0,0,0,1,0,0,0,0,1,0,2,0,0,0,0,1,0,0,0,0,0,1,0,0,0,0,0
6,78.3,2,2,9,0,2,2,4,3,0,0.5061855670103093,0,1,46,0,0,0,1,1,0,0,1,0,0,3,0,0,0,1,0,0,0,0,0,0,0,0,1,0,0,0
5,57.8,0,3,2,2,0,2,3,1,1,0.8195876288659794,2,0,44,0,0,0,0,0,1,0,0,0,0,1,0,1,0,0,0,0,0,0,0,1,0,0,0,0,0,0
6,82.6,2,3,5,3,2,2,3,3,0,0.7113402061855669,0,0,71,0,0,0,0,0,0,0,0,1,0,1,0,0,0,0,0,1,0,0,0,0,0,0,1,0,0,0
11,57.1,0,2,3,1,1,4,3,3,0,0.49793814432989686,3,1,43,1,0,0,0,1,0,0,0,0,1,3,0,0,0,0,1,0,0,0,0,0,0,0,1,0,0,0
8,48.6,0,2,5,3,1,2,1,1,0,0.8628865979381443,3,0,55,0,0,0,0,0,0,0,1,0,0,1,0,0,0,0,0,0,1,0,0,0,0,0,1,0,0,0
7,15.0,0,2,4,0,0,2,2,1,0,0.13092783505154637,1,0,49,1,0,1,0,0,0,0,0,0,0,2,0,1,0,0,0,0,0,0,0,0,1,0,0,0,0,0
8,80.0,1,2,4,2,2,2,2,4,0,0.13298969072164948,0,1,62,0,0,0,1,0,0,0,0,0,0,1,0,0,0,1,0,0,0,0,0,0,0,0,1,0,0,0
6,48.0,1,1,9,3,1,2,1,2,0,0.37835051546391757,2,0,49,0,0,0,0,0,1,0,0,0,0,1,0,1,0,0,0,0,0,0,0,0,1,0,0,0,0,0
9,35.8,2,2,7,1,1,4,1,3,0,0.5371134020618556,2,0,44,1,0,0,0,0,0,0,0,0,0,1,0,0,0,1,0,0,0,0,0,0,0,0,1,0,0,0
3,35.9,1,2,7,0,1,2,3,2,0,0.26804123711340205,2,0,43,0,0,0,0,0,0,0,0,0,0,0,0,0,0,0,0,1,0,0,0,0,0,0,1,0,0,0
9,65.4,1,3,5,1,1,3,4,4,1,0.7082474226804123,0,1,41,0,1,0,1,0,0,0,0,0,0,2,0,0,1,0,0,0,0,0,0,0,0,0,1,0,0,0
8,76.3,2,1,5,1,1,3,2,2,1,0.21546391752577318,3,1,51,0,1,0,0,1,0,0,0,0,0,2,0,0,0,0,0,1,0,0,0,0,0,0,1,0,0,0
6,23.7,2,1,6,0,1,3,3,3,0,0.3391752577319588,1,0,29,0,0,0,1,0,0,0,0,0,0,1,1,0,0,0,0,0,0,0,0,0,0,0,0,1,0,0
13,17.1,2,2,10,1,1,3,4,4,1,0.5628865979381443,1,1,34,0,0,1,1,0,0,0,1,0,0,3,0,0,0,0,0,1,0,0,0,1,0,0,0,0,0,0
5,29.9,1,3,6,2,2,4,3,3,0,0.7432989690721649,0,0,80,0,0,0,1,0,0,0,0,0,0,1,0,0,0,1,0,0,0,0,0,0,0,0,1,0,0,0
3,94.6,1,2,8,2,1,2,1,1,1,0.2670103092783505,1,1,49,0,0,0,0,0,0,0,0,0,0,0,0,1,0,0,0,0,0,0,0,0,1,0,0,0,0,0
8,97.3,1,2,10,3,2,3,1,1,1,0.5608247422680411,0,1,66,0,0,0,0,0,0,0,0,0,0,0,1,0,0,0,0,0,0,0,0,0,0,0,1,0,0,0
5,55.4,2,1,6,1,1,1,2,3,0,0.30206185567010313,2,0,55,1,0,0,0,0,1,0,0,0,0,2,0,0,0,0,0,0,0,1,1,0,0,0,0,0,0,0
4,81.8,2,3,5,0,0,1,4,3,0,0.10824742268041236,1,0,35,0,0,0,1,0,0,1,0,0,0,2,0,0,1,0,0,0,0,0,0,0,0,0,1,0,0,0
5,94.9,0,2,2,1,0,1,4,2,0,0.3164948453608248,3,0,42,1,0,0,0,0,0,0,0,0,0,1,0,0,0,0,0,1,0,0,1,0,0,0,0,0,0,0
3,13.4,0,1,4,0,0,4,2,0,0,0.016494845360824743,0,0,18,0,0,0,0,0,0,0,1,0,0,1,0,0,1,0,0,0,0,0,0,0,0,0,0,0,1,0
8,87.9,1,3,5,1,0,2,3,2,0,0.47731958762886595,3,0,44,1,0,0,0,0,0,0,0,0,0,1,0,1,0,0,0,0,0,0,0,0,0,0,0,1,0,0
8,54.8,1,3,5,0,2,3,4,3,0,0.9474226804123711,1,1,48,1,0,0,0,0,0,0,0,0,0,1,0,0,0,0,1,0,0,0,0,0,0,0,1,0,0,0
6,75.9,2,2,10,3,2,4,2,4,1,0.956701030927835,2,0,93,0,0,0,0,0,0,0,0,0,0,0,0,0,0,0,1,0,0,0,0,0,1,0,0,0,0,0
2,94.0,0,3,7,1,1,3,4,2,0,0.2412371134020618,1,1,47,1,0,0,0,0,0,0,0,0,0,1,0,0,0,0,0,0,0,1,0,0,0,0,1,0,0,0
6,34.6,2,2,9,0,1,2,3,2,1,0.28144329896907216,3,1,53,1,0,0,0,0,0,0,0,0,0,1,0,0,0,0,0,0,1,0,0,1,0,0,0,0,0,0
8,61.0,1,1,3,3,1,1,1,1,0,0.3989690721649485,0,0,34,0,0,1,0,0,0,0,0,0,0,1,0,0,1,0,0,0,0,0,0,0,0,1,0,0,0,0
5,14.4,2,3,10,1,2,4,3,4,0,0.8536082474226804,3,0,67,0,0,0,0,0,0,0,1,0,0,1,1,0,0,0,0,0,0,0,0,0,1,0,0,0,0,0
7,72.3,2,1,8,1,2,3,3,2,0,0.20927835051546392,2,0,51,0,0,0,0,1,0,0,0,0,0,1,0,0,0,0,0,0,0,1,0,0,0,0,1,0,0,0
5,51.3,1,2,7,1,1,3,4,1,1,0.45670103092783504,2,0,51,1,0,0,0,0,0,0,0,0,0,1,0,1,0,0,0,0,0,0,0,0,0,0,1,0,0,0
6,20.8,0,2,1,3,1,4,1,0,0,0.088659793814433,2,0,55,0,0,0,0,0,0,0,0,0,1,1,0,0,0,0,0,0,1,0,0,0,0,0,1,0,0,0
4,17.9,1,1,6,3,1,1,1,3,1,0.18556701030927833,0,0,37,0,0,1,0,0,0,0,0,0,0,1,0,0,0,0,0,1,0,0,0,0,0,0,1,0,0,0
12,96.4,2,3,4,1,0,3,4,3,0,0.7175257731958762,2,0,46,0,0,0,0,0,0,0,1,0,0,1,0,1,0,0,0,0,0,0,0,0,0,0,0,1,0,0
6,43.4,2,1,5,2,2,1,2,0,0,0.3381443298969072,1,0,45,0,0,0,1,1,0,0,0,1,0,3,0,0,0,0,1,0,0,0,0,0,0,0,1,0,0,0
8,79.8,0,3,2,3,1,2,4,1,1,0.21030927835051544,0,1,38,0,1,0,1,0,1,0,0,0,0,3,0,0,0,0,1,0,0,0,0,0,0,0,0,0,0,1
8,64.6,1,3,4,2,1,3,3,2,0,0.5082474226804123,2,0,63,0,0,0,0,0,0,1,0,0,0,1,1,0,0,0,0,0,0,0,0,0,0,0,1,0,0,0
8,47.0,0,2,3,3,0,2,2,1,0,0.4278350515463918,0,0,39,0,0,0,0,1,0,0,0,0,0,1,0,1,0,0,0,0,0,0,0,0,1,0,0,0,0,0
5,53.0,1,3,4,1,0,4,4,3,0,0.44639175257731956,2,1,45,0,0,0,0,0,0,0,0,0,0,0,1,0,0,0,0,0,0,0,0,0,0,0,0,0,1,0
7,92.1,2,2,9,3,1,3,2,3,1,0.8855670103092783,0,0,59,0,1,0,0,1,0,0,0,0,0,2,0,0,0,0,1,0,0,0,0,0,0,0,1,0,0,0
8,75.8,2,1,6,3,2,3,1,4,0,0.5958762886597937,2,1,77,0,0,0,0,0,0,0,0,0,0,0,0,0,0,0,1,0,0,0,0,0,0,0,1,0,0,0
6,18.8,0,1,1,2,0,2,2,0,0,0.0010309278350515462,3,0,50,0,0,0,0,0,1,0,0,0,0,1,0,1,0,0,0,0,0,0,0,0,0,0,1,0,0,0
11,70.7,2,2,8,1,2,2,2,4,1,0.9690721649484536,2,0,60,0,1,0,0,1,0,0,0,0,0,2,0,1,0,0,0,0,0,0,1,0,0,0,0,0,0,0
2,84.4,1,1,4,0,0,1,4,0,1,0.16082474226804125,0,1,24,1,0,0,1,0,0,0,0,0,0,2,0,0,0,1,0,0,0,0,0,0,0,0,0,1,0,0
5,85.0,0,1,3,0,0,1,1,0,0,0.09175257731958764,0,1,21,1,0,0,1,1,0,0,0,0,0,3,0,0,1,0,0,0,0,0,0,0,0,1,0,0,0,0
5,43.1,0,2,3,0,0,2,3,0,1,0.1587628865979381,1,1,46,1,0,0,0,0,0,0,0,0,0,1,0,1,0,0,0,0,0,0,0,0,0,0,1,0,0,0
5,83.7,0,1,2,2,0,1,2,0,1,0.02164948453608247,3,1,31,0,0,0,0,1,0,0,0,0,0,1,0,0,0,0,0,0,0,1,0,0,1,0,0,0,0,0
4,95.3,1,3,2,2,1,2,3,1,1,0.06804123711340206,0,0,42,0,1,0,1,0,0,0,1,0,0,3,0,0,0,0,0,0,1,0,0,0,0,0,0,0,1,0
6,35.0,1,3,4,3,0,4,4,3,0,0.6536082474226804,3,1,72,0,0,0,0,0,0,0,0,0,0,0,0,0,0,0,1,0,0,0,0,0,0,0,1,0,0,0
3,11.4,1,3,6,1,0,4,3,2,0,0.7030927835051546,3,1,50,1,0,0,0,0,0,0,0,0,0,1,0,0,0,0,0,0,1,0,0,0,0,0,1,0,0,0
7,70.8,0,2,3,0,0,2,2,1,0,0.15670103092783502,1,0,30,0,0,0,0,0,0,0,0,0,0,0,0,0,0,0,0,0,0,1,0,0,0,1,0,0,0,0
6,74.7,0,1,4,2,1,4,3,1,0,0.06597938144329897,0,0,43,0,0,0,0,0,0,0,0,0,1,1,0,0,0,0,0,0,1,0,0,0,0,0,1,0,0,0
9,54.6,2,3,9,3,2,3,3,3,0,0.6030927835051546,2,0,87,0,0,0,0,0,0,0,0,0,0,0,0,0,0,0,1,0,0,0,0,0,0,0,1,0,0,0
5,12.6,0,1,2,0,0,1,4,0,1,0.026804123711340205,1,0,31,0,0,0,0,0,0,1,0,0,0,1,0,0,0,1,0,0,0,0,0,1,0,0,0,0,0,0
5,62.3,2,2,5,2,2,3,1,4,0,0.61340206185567,1,0,68,0,0,0,0,1,0,0,0,0,0,1,1,0,0,0,0,0,0,0,0,0,1,0,0,0,0,0
5,43.8,1,2,8,3,0,2,2,3,0,0.668041237113402,2,0,58,0,0,1,0,0,0,0,0,0,0,1,0,0,0,0,0,0,0,1,0,0,0,0,1,0,0,0
7,39.4,1,2,4,1,1,3,3,2,1,0.288659793814433,3,0,48,0,0,0,0,0,0,0,0,0,0,0,0,0,0,0,0,0,0,1,0,0,1,0,0,0,0,0
4,69.3,2,3,5,1,2,2,2,2,0,0.8391752577319588,0,1,60,1,0,0,0,1,0,0,0,0,0,2,0,0,0,0,0,1,0,0,0,0,0,0,1,0,0,0
7,40.4,1,3,7,1,1,3,3,3,0,0.9257731958762886,1,1,58,0,0,0,1,0,0,0,0,0,0,1,0,0,0,0,1,0,0,0,0,0,0,0,0,0,0,1
5,68.9,0,2,3,2,1,1,1,1,0,0.822680412371134,3,0,61,0,0,0,0,0,0,0,0,0,0,0,0,1,0,0,0,0,0,0,0,0,0,0,1,0,0,0
6,30.1,2,2,6,1,1,4,4,3,0,0.6309278350515464,3,0,49,1,0,0,0,0,0,0,0,0,0,1,0,0,0,0,0,1,0,0,0,0,0,1,0,0,0,0
7,89.2,2,2,9,2,2,2,3,4,0,0.643298969072165,2,0,91,0,0,0,0,0,1,0,0,0,0,1,0,0,0,0,0,0,0,1,0,0,0,0,1,0,0,0
6,53.7,2,2,9,1,1,2,3,3,1,0.8505154639175257,3,1,55,1,0,0,0,0,0,0,0,0,0,1,0,0,1,0,0,0,0,0,0,0,1,0,0,0,0,0
7,45.3,2,1,6,0,0,1,2,1,0,0.6226804123711339,2,0,28,0,0,0,0,0,1,0,0,0,0,1,0,0,1,0,0,0,0,0,0,0,0,0,0,0,1,0
4,89.8,0,2,5,3,1,1,4,2,0,0.3680412371134021,2,0,64,0,0,0,0,0,0,0,0,0,0,0,0,1,0,0,0,0,0,0,0,0,0,0,1,0,0,0
7,55.1,1,1,6,3,2,3,1,2,1,0.47113402061855675,2,0,59,0,0,0,0,0,0,0,0,0,0,0,0,0,0,0,0,0,1,0,0,0,0,0,1,0,0,0
7,32.6,2,3,6,2,2,1,4,4,0,0.25360824742268046,1,1,70,0,0,0,0,0,0,0,0,0,0,0,0,0,0,1,0,0,0,0,0,0,0,0,1,0,0,0
7,66.3,0,1,2,2,0,1,2,1,1,0.8824742268041236,0,0,31,0,1,0,0,1,0,0,0,0,0,2,0,1,0,0,0,0,0,0,0,0,1,0,0,0,0,0
6,69.7,2,3,10,3,2,1,4,4,1,0.6804123711340205,2,1,96,0,0,0,0,0,0,0,0,0,0,0,0,0,1,0,0,0,0,0,0,0,0,0,1,0,0,0
7,44.6,1,2,7,1,2,2,3,2,0,0.8639175257731958,2,1,63,0,0,0,0,0,0,0,0,0,1,1,0,0,0,0,0,0,1,0,0,0,0,0,1,0,0,0
13,90.8,0,3,8,3,1,3,4,4,0,0.32061855670103095,0,1,65,0,0,0,1,0,0,0,0,0,0,1,0,0,0,0,0,0,1,0,0,0,0,0,1,0,0,0
9,85.5,2,2,8,3,2,3,2,3,1,0.7288659793814433,0,0,61,0,1,0,1,0,0,0,0,0,0,2,0,0,0,0,0,1,0,0,0,0,0,0,1,0,0,0
6,19.8,1,1,7,2,2,1,3,4,1,0.8412371134020618,2,0,65,0,0,0,0,0,0,0,0,0,0,0,1,0,0,0,0,0,0,0,0,0,0,0,1,0,0,0
7,72.4,1,2,5,1,2,2,4,4,0,0.6092783505154639,2,1,73,0,0,0,0,0,0,0,1,0,0,1,0,1,0,0,0,0,0,0,0,0,0,0,1,0,0,0
2,34.2,1,2,3,0,1,1,3,2,0,0.22268041237113403,1,0,37,0,0,0,0,1,0,0,1,0,0,2,0,1,0,0,0,0,0,0,0,0,0,0,1,0,0,0
6,55.5,1,3,3,1,0,2,2,2,1,0.18762886597938142,0,0,27,0,1,0,1,0,1,0,1,0,0,4,0,0,0,0,1,0,0,0,1,0,0,0,0,0,0,0
5,44.1,2,1,6,2,1,2,2,1,0,0.38556701030927837,3,0,52,0,0,1,0,1,0,0,0,0,0,2,0,0,0,0,1,0,0,0,0,0,0,0,1,0,0,0
3,15.4,1,2,7,1,1,2,3,2,1,0.18350515463917524,2,0,45,0,0,0,0,0,0,0,0,1,0,1,0,0,0,1,0,0,0,0,1,0,0,0,0,0,0,0
10,78.2,2,2,8,3,2,3,2,4,1,0.8896907216494845,3,0,85,0,0,0,0,0,0,0,0,0,0,0,0,0,1,0,0,0,0,0,0,0,0,0,1,0,0,0
7,78.7,0,3,3,3,1,2,3,1,1,0.43402061855670104,3,1,51,0,0,0,0,0,1,0,1,0,0,2,0,0,0,0,1,0,0,0,0,0,0,1,0,0,0,0
5,20.0,0,1,2,0,0,2,3,0,0,0.07010309278350517,3,0,34,0,0,0,0,0,0,0,1,0,0,1,0,0,0,0,0,0,0,1,0,0,0,1,0,0,0,0
6,67.4,0,2,4,2,1,3,3,4,1,0.30103092783505153,2,1,51,0,0,0,0,0,0,0,0,0,0,0,0,0,0,0,0,0,0,1,0,0,1,0,0,0,0,0
4,21.3,0,2,2,1,0,2,2,1,1,0.47216494845360824,2,1,40,0,0,0,0,0,0,0,0,0,0,0,0,0,0,0,0,0,0,1,0,0,0,1,0,0,0,0
5,47.6,2,3,10,2,2,4,3,2,0,0.13195876288659794,3,1,74,0,0,0,0,1,0,0,0,0,0,1,0,0,0,1,0,0,0,0,0,0,0,0,1,0,0,0
7,70.2,1,1,3,2,1,1,1,1,0,0.12886597938144329,0,0,28,0,0,0,0,0,1,0,0,0,1,2,0,0,0,0,1,0,0,0,1,0,0,0,0,0,0,0
5,18.2,0,2,3,3,1,4,3,1,0,0.7989690721649484,2,0,60,0,0,0,0,1,0,0,0,0,0,1,1,0,0,0,0,0,0,0,0,0,0,0,1,0,0,0
6,80.6,2,3,7,1,2,4,4,2,0,0.1092783505154639,1,1,64,0,0,0,1,0,0,0,0,0,0,1,1,0,0,0,0,0,0,0,0,0,0,0,1,0,0,0
7,36.1,1,2,9,1,1,4,1,2,1,0.8948453608247422,3,0,46,0,1,0,0,0,0,0,0,0,0,1,0,0,0,0,0,0,0,1,0,1,0,0,0,0,0,0
8,58.4,2,1,10,1,2,1,3,3,0,0.22989690721649483,0,0,46,0,0,0,0,1,0,0,1,1,0,3,0,0,0,0,1,0,0,0,1,0,0,0,0,0,0,0
5,54.0,0,2,2,3,1,2,3,2,0,0.8938144329896907,3,1,68,0,0,0,0,0,0,0,0,0,0,0,1,0,0,0,0,0,0,0,0,0,0,0,1,0,0,0
9,39.9,0,3,4,2,1,4,2,3,0,0.5649484536082473,3,0,62,0,0,0,0,0,0,0,1,0,0,1,0,0,0,0,0,0,0,1,0,0,0,0,1,0,0,0
2,6.5,2,1,7,1,1,2,1,1,1,0.3525773195876289,1,0,34,0,0,0,0,0,0,0,0,0,0,0,0,0,0,0,1,0,0,0,0,0,0,0,1,0,0,0
5,80.3,1,3,9,3,2,2,2,3,0,0.7711340206185566,2,1,84,0,0,0,0,0,0,0,0,0,0,0,0,0,0,0,0,0,1,0,0,0,0,0,1,0,0,0
7,76.2,0,3,2,2,0,3,4,2,0,0.590721649484536,2,1,56,0,0,1,0,0,0,0,0,0,0,1,0,0,0,0,0,0,1,0,0,0,0,0,1,0,0,0
2,91.8,0,2,4,3,1,1,4,1,1,0.027835051546391754,1,0,29,0,0,0,0,0,1,0,0,0,0,1,0,0,1,0,0,0,0,0,0,0,0,0,1,0,0,0
6,91.4,2,3,7,2,1,2,3,2,1,0.6917525773195875,0,1,60,0,0,0,0,0,0,0,0,0,0,0,0,0,0,0,1,0,0,0,0,0,1,0,0,0,0,0
5,61.6,1,1,2,2,1,2,3,1,0,0.6329896907216495,0,0,40,0,0,0,0,0,0,0,0,0,0,0,0,0,0,1,0,0,0,0,1,0,0,0,0,0,0,0
5,36.3,0,2,1,0,0,3,2,2,0,0.234020618556701,2,0,23,0,0,0,0,0,0,0,0,0,0,0,0,0,1,0,0,0,0,0,0,0,1,0,0,0,0,0
10,66.0,2,3,9,1,1,3,4,4,1,0.565979381443299,3,0,52,1,1,0,0,0,0,0,0,0,0,2,0,0,0,0,0,1,0,0,1,0,0,0,0,0,0,0
8,38.3,0,1,9,1,1,2,1,2,0,0.22371134020618555,1,0,37,0,0,0,1,0,0,0,0,0,0,1,0,0,1,0,0,0,0,0,0,0,0,1,0,0,0,0
6,63.8,2,3,4,3,2,4,4,3,0,0.5865979381443298,1,1,95,0,0,0,0,0,0,0,1,0,0,1,0,1,0,0,0,0,0,0,0,0,0,0,1,0,0,0
8,75.0,2,2,4,1,2,2,3,3,0,0.7,2,1,61,0,0,0,0,0,0,0,1,1,0,2,0,0,0,0,1,0,0,0,0,0,0,0,1,0,0,0
5,82.2,0,2,3,2,1,1,2,1,1,0.12061855670103093,3,1,40,0,0,0,0,0,0,0,0,0,0,0,0,0,1,0,0,0,0,0,0,0,0,0,0,1,0,0
7,43.8,2,3,8,3,2,3,3,4,0,0.25257731958762886,2,1,86,0,0,0,0,0,0,0,0,0,0,0,0,0,0,1,0,0,0,0,0,0,0,0,1,0,0,0
4,15.6,0,3,1,0,0,4,3,2,0,0.3917525773195876,2,0,33,0,0,1,0,0,0,0,0,0,0,1,0,0,1,0,0,0,0,0,0,0,0,0,1,0,0,0
3,69.9,1,2,8,3,2,3,1,0,0,0.07216494845360825,0,0,55,0,0,0,0,1,0,0,0,0,1,2,0,0,0,1,0,0,0,0,0,0,1,0,0,0,0,0
4,36.0,1,2,5,3,2,3,2,2,1,0.522680412371134,0,0,49,0,0,0,0,0,0,0,0,1,0,1,0,0,1,0,0,0,0,0,0,0,1,0,0,0,0,0
6,54.5,1,2,3,2,1,1,1,2,0,0.211340206185567,2,0,50,0,0,1,0,0,0,0,0,0,0,1,0,0,0,0,0,0,1,0,1,0,0,0,0,0,0,0
3,47.4,0,2,6,2,0,4,3,1,1,0.10721649484536082,1,0,44,0,0,0,1,0,0,0,0,0,0,1,0,0,0,1,0,0,0,0,0,0,0,0,1,0,0,0
5,41.5,0,2,3,1,0,4,3,1,1,0.6061855670103092,3,1,38,0,0,0,0,0,0,0,0,0,0,0,0,0,0,0,0,1,0,0,0,0,0,0,1,0,0,0
3,78.5,2,3,4,3,1,3,4,2,0,0.3804123711340206,3,1,72,0,0,0,0,0,0,0,0,0,0,0,0,0,1,0,0,0,0,0,0,0,0,0,1,0,0,0
7,52.4,1,2,3,0,1,3,3,2,0,0.5896907216494846,3,0,42,0,0,0,0,0,0,0,0,0,0,0,0,1,0,0,0,0,0,0,0,0,0,0,1,0,0,0
6,95.8,2,1,8,3,2,2,3,3,0,0.8134020618556701,2,1,69,0,0,0,0,1,0,1,0,1,0,3,0,0,0,0,1,0,0,0,0,0,0,0,1,0,0,0
6,53.5,1,2,6,1,0,2,3,1,0,0.6597938144329897,1,1,37,1,0,0,0,0,1,0,1,0,0,3,0,0,1,0,0,0,0,0,0,0,0,0,1,0,0,0
11,16.6,1,2,5,1,1,3,2,2,0,0.32577319587628867,0,0,27,0,0,1,0,0,0,0,0,0,0,1,0,0,0,1,0,0,0,0,0,0,0,0,1,0,0,0
3,78.1,0,2,3,2,1,2,4,1,0,0.5711340206185567,2,0,61,0,0,0,0,0,0,0,0,0,0,0,0,0,0,0,0,0,1,0,0,0,0,0,1,0,0,0
6,60.4,2,3,9,3,2,1,2,4,1,0.6195876288659794,2,0,89,0,0,0,0,0,0,0,0,0,0,0,0,1,0,0,0,0,0,0,0,0,0,0,1,0,0,0
4,68.5,2,3,9,2,2,4,3,2,0,0.3030927835051546,3,0,73,0,0,0,0,0,0,0,0,0,0,0,0,1,0,0,0,0,0,0,0,0,0,0,1,0,0,0
5,21.4,2,2,9,1,1,2,4,4,0,0.8762886597938144,0,1,57,0,0,0,0,0,1,0,0,0,0,1,0,1,0,0,0,0,0,0,0,0,0,0,1,0,0,0
5,39.6,2,2,8,3,2,1,3,4,1,0.6051546391752577,0,0,73,0,0,0,0,0,0,0,0,0,0,0,0,0,0,0,0,0,0,1,0,1,0,0,0,0,0,0
5,30.7,2,1,4,1,1,3,3,3,1,0.14742268041237114,3,1,47,0,1,0,0,0,0,0,0,0,0,1,0,0,0,0,1,0,0,0,0,0,0,0,1,0,0,0
7,46.4,1,2,4,2,1,4,3,1,1,0.5329896907216495,3,0,53,0,1,0,0,0,0,0,0,1,0,2,1,0,0,0,0,0,0,0,0,0,1,0,0,0,0,0
7,5.5,0,1,2,2,1,1,1,1,1,0.6835051546391752,0,1,30,0,0,0,0,1,1,0,1,0,0,3,0,0,0,1,0,0,0,0,0,0,0,0,1,0,0,0
7,96.1,1,2,7,3,1,1,3,3,0,0.8556701030927835,3,1,74,0,0,0,0,0,0,0,0,0,0,0,1,0,0,0,0,0,0,0,0,0,0,0,1,0,0,0
6,42.5,2,2,8,3,2,2,4,4,0,0.2649484536082474,0,0,75,0,0,0,0,1,0,0,0,0,0,1,0,0,0,0,1,0,0,0,0,0,0,0,1,0,0,0
10,22.0,2,3,8,3,2,4,3,3,0,0.6206185567010309,0,0,71,0,0,0,0,0,0,0,1,0,0,1,0,0,0,1,0,0,0,0,0,0,0,0,0,0,1,0
5,16.0,0,2,2,0,0,3,1,0,1,0.09381443298969072,0,0,21,0,0,1,0,1,0,0,0,0,0,2,0,1,0,0,0,0,0,0,0,0,0,0,1,0,0,0
10,42.6,1,2,8,1,0,4,1,3,0,0.1360824742268041,0,0,32,0,0,0,0,0,0,0,1,1,0,2,0,0,1,0,0,0,0,0,1,0,0,0,0,0,0,0
4,25.7,2,3,7,3,2,4,3,0,1,0.0731958762886598,3,1,75,0,0,0,0,0,0,0,0,0,0,0,0,0,0,0,0,0,0,1,0,1,0,0,0,0,0,0
4,15.8,0,2,1,0,0,2,3,0,0,0.04845360824742269,2,0,36,1,0,0,0,0,0,0,0,0,0,1,0,0,0,0,0,0,0,1,1,0,0,0,0,0,0,0
2,26.1,0,1,4,0,0,1,1,0,0,0.3907216494845361,1,0,25,0,0,0,0,1,0,0,1,0,0,2,0,0,0,0,1,0,0,0,0,0,1,0,0,0,0,0
6,56.1,0,2,5,1,1,2,4,2,1,0.3927835051546392,2,1,53,0,1,0,0,0,0,1,0,0,0,2,1,0,0,0,0,0,0,0,0,1,0,0,0,0,0,0
6,89.9,2,3,7,1,1,2,4,4,0,0.8752577319587629,2,0,67,0,0,0,0,0,0,1,1,0,0,2,0,0,0,0,0,0,0,1,0,0,0,0,1,0,0,0
7,96.2,2,1,9,1,2,1,2,4,0,0.9618556701030927,1,0,54,0,0,0,1,0,0,0,0,0,0,1,0,0,0,0,0,1,0,0,0,0,0,0,1,0,0,0
11,12.5,2,3,7,0,2,4,3,3,1,0.7690721649484535,0,0,32,0,0,0,0,0,0,0,0,1,0,1,0,0,0,0,0,0,0,1,0,0,1,0,0,0,0,0
6,31.6,0,2,2,2,0,3,2,0,0,0.09484536082474226,2,0,44,0,0,0,0,0,0,0,0,1,0,1,1,0,0,0,0,0,0,0,0,0,0,0,1,0,0,0
5,96.0,0,3,5,0,2,3,4,3,0,0.20412371134020618,3,1,48,1,0,0,0,0,0,0,0,0,1,2,0,0,0,0,0,1,0,0,0,0,1,0,0,0,0,0
4,31.7,0,3,3,0,0,4,2,0,0,0.04742268041237113,1,0,21,1,0,1,0,0,0,0,1,0,0,3,0,1,0,0,0,0,0,0,1,0,0,0,0,0,0,0
3,57.4,0,2,4,1,0,3,2,0,0,0.006185567010309281,0,0,39,1,0,0,0,0,0,0,1,0,0,2,0,1,0,0,0,0,0,0,0,0,0,0,1,0,0,0
5,41.8,2,3,7,3,1,4,4,4,1,0.8185567010309278,0,0,86,0,0,0,0,0,0,0,0,0,0,0,1,0,0,0,0,0,0,0,0,0,0,0,1,0,0,0
3,58.1,0,2,5,0,1,2,3,3,0,0.26082474226804125,3,0,44,0,0,0,0,0,0,0,1,0,1,2,0,1,0,0,0,0,0,0,1,0,0,0,0,0,0,0
10,49.5,2,3,5,3,1,3,1,3,0,0.4701030927835052,2,0,61,0,0,1,0,1,0,0,0,0,0,2,0,1,0,0,0,0,0,0,0,0,1,0,0,0,0,0
9,46.6,1,2,4,2,2,2,1,2,1,0.4814432989690722,3,1,50,0,1,0,0,1,0,1,0,0,0,3,0,0,0,0,0,0,1,0,0,0,1,0,0,0,0,0
11,64.2,1,2,2,3,2,3,3,1,0,0.39381443298969077,2,1,65,0,0,0,0,0,0,0,0,0,0,0,0,0,0,1,0,0,0,0,0,0,0,0,1,0,0,0
9,24.8,2,3,8,1,2,2,3,2,0,0.47628865979381446,0,1,47,1,0,0,0,0,1,0,0,0,0,2,0,0,0,0,0,0,1,0,1,0,0,0,0,0,0,0
8,12.8,0,2,2,0,0,3,4,1,1,0.9206185567010309,2,0,24,0,0,0,0,0,0,0,1,0,0,1,0,0,0,0,0,1,0,0,0,0,0,0,0,1,0,0
8,88.4,1,2,5,3,1,3,2,4,0,0.4670103092783505,3,1,68,0,0,1,0,0,0,0,0,0,0,1,0,0,0,1,0,0,0,0,0,0,0,0,1,0,0,0
4,73.4,0,2,7,1,1,1,3,2,0,0.7865979381443298,3,0,64,0,0,0,0,0,0,0,0,0,0,0,0,1,0,0,0,0,0,0,0,0,0,0,1,0,0,0
11,23.3,0,2,1,2,0,1,2,1,1,0.29690721649484536,2,0,26,0,0,0,0,1,0,0,1,0,0,2,0,0,0,1,0,0,0,0,0,0,0,0,0,1,0,0
7,60.8,1,2,4,2,0,4,1,1,0,0.9649484536082473,2,0,55,0,0,0,0,0,0,0,1,0,0,1,0,0,0,0,0,0,0,1,0,0,0,0,1,0,0,0
2,85.7,2,2,6,2,1,2,3,2,1,0.2721649484536082,0,0,46,0,0,0,1,0,0,0,0,0,0,1,0,0,0,0,0,0,1,0,0,0,0,0,1,0,0,0
9,22.7,1,2,5,0,1,3,3,3,1,0.7371134020618556,0,1,24,0,0,1,1,0,0,0,0,0,1,3,0,0,0,1,0,0,0,0,0,0,1,0,0,0,0,0
8,16.1,0,1,3,3,0,1,1,1,0,0.4515463917525773,1,0,41,0,0,0,0,0,1,0,0,0,0,1,0,0,0,0,0,0,0,1,0,0,0,0,1,0,0,0
8,44.3,1,1,2,3,2,1,1,3,1,0.4020618556701031,3,0,47,0,1,0,0,0,0,0,0,0,0,1,0,1,0,0,0,0,0,0,0,0,1,0,0,0,0,0
7,85.3,1,1,6,3,2,1,2,3,0,0.2597938144329897,0,0,57,0,0,0,0,0,0,0,1,0,0,1,0,1,0,0,0,0,0,0,0,0,0,0,1,0,0,0
5,87.2,2,2,9,2,2,1,4,4,0,0.16185567010309276,3,0,77,0,0,0,0,0,1,0,0,0,0,1,0,0,0,0,0,0,0,1,0,0,0,0,1,0,0,0
4,37.0,0,3,1,1,1,3,3,0,1,0.2731958762886598,0,1,33,1,0,0,0,0,0,0,0,0,0,1,0,0,1,0,0,0,0,0,0,0,1,0,0,0,0,0
6,53.8,2,3,10,3,2,3,3,4,1,0.6268041237113401,0,1,80,0,1,0,1,0,0,0,0,0,0,2,0,0,0,0,0,1,0,0,0,0,0,0,1,0,0,0
7,75.5,0,1,3,2,0,1,3,1,0,0.13917525773195874,2,0,43,0,0,0,0,0,0,0,0,0,0,0,0,0,0,0,0,0,1,0,1,0,0,0,0,0,0,0
7,54.3,2,3,6,0,2,3,4,3,1,0.5969072164948453,2,0,53,0,0,0,0,0,0,0,1,0,0,1,0,1,0,0,0,0,0,0,0,0,0,0,1,0,0,0
2,12.3,0,2,2,1,0,1,3,0,0,0.19072164948453607,1,0,27,1,0,0,0,0,1,0,0,0,0,2,0,1,0,0,0,0,0,0,1,0,0,0,0,0,0,0
6,4.1,0,1,4,0,0,1,1,1,1,0.2927835051546392,2,0,38,0,1,0,0,0,0,0,0,0,0,1,0,0,0,0,1,0,0,0,0,0,0,0,0,1,0,0
10,11.0,2,1,8,1,1,2,1,2,0,0.9835051546391752,2,0,43,0,0,0,0,1,0,0,0,0,0,1,0,0,0,0,1,0,0,0,0,0,0,0,1,0,0,0
4,79.8,2,3,6,2,1,3,4,3,0,0.8082474226804124,3,0,67,0,0,1,0,0,0,0,1,0,0,2,0,0,0,0,0,0,0,1,0,0,0,0,1,0,0,0
4,81.6,2,3,6,1,0,4,4,3,0,0.5030927835051545,0,1,41,0,0,0,1,0,0,0,0,0,0,1,1,0,0,0,0,0,0,0,1,0,0,0,0,0,0,0
5,10.7,0,1,2,3,0,2,1,2,1,0.29381443298969073,1,0,23,0,1,0,1,1,0,0,0,0,0,3,0,0,0,1,0,0,0,0,0,1,0,0,0,0,0,0
4,15.5,0,3,3,2,0,4,2,0,0,0.018556701030927835,0,0,34,0,0,0,1,0,0,0,0,0,1,2,0,0,0,1,0,0,0,0,0,0,1,0,0,0,0,0
7,49.6,0,2,6,0,1,3,2,2,0,0.5329896907216495,0,0,27,1,0,1,1,0,0,0,0,0,0,3,1,0,0,0,0,0,0,0,0,0,0,0,0,0,0,1
5,23.4,1,3,5,0,0,4,4,1,0,0.07628865979381444,3,0,38,1,0,0,0,0,0,0,0,0,0,1,0,1,0,0,0,0,0,0,0,0,0,1,0,0,0,0
5,50.7,1,1,2,0,1,4,1,1,0,0.879381443298969,2,0,38,0,0,0,0,0,0,0,0,0,0,0,0,1,0,0,0,0,0,0,0,0,0,0,1,0,0,0
4,51.0,2,2,5,3,2,4,1,2,0,0.7659793814432989,0,0,54,0,0,0,0,1,0,1,1,0,0,3,0,0,0,0,1,0,0,0,0,0,0,0,1,0,0,0
8,42.3,2,1,6,0,2,3,2,3,0,0.46494845360824744,3,0,48,0,0,0,0,0,0,0,0,0,0,0,0,0,0,0,1,0,0,0,0,0,1,0,0,0,0,0
6,43.3,0,1,7,2,2,2,3,0,0,0.2907216494845361,1,0,36,0,0,0,0,0,0,1,0,0,0,1,0,0,0,1,0,0,0,0,0,0,1,0,0,0,0,0
15,73.0,2,1,7,1,1,2,1,4,0,0.8773195876288659,0,0,43,0,0,0,0,0,0,1,1,0,0,2,0,0,0,0,0,1,0,0,0,0,0,0,1,0,0,0
8,7.3,1,1,9,1,0,2,1,1,0,0.26288659793814434,0,0,37,0,0,0,0,0,0,0,0,0,0,0,0,1,0,0,0,0,0,0,0,0,0,0,0,1,0,0
7,29.1,2,1,8,1,2,2,1,4,0,0.7958762886597938,0,1,46,0,0,0,0,0,0,0,0,0,0,0,0,0,1,0,0,0,0,0,0,0,0,0,1,0,0,0
9,32.9,2,2,6,1,0,1,3,3,0,0.5268041237113402,2,0,35,0,0,1,0,0,0,0,0,0,0,1,0,0,0,1,0,0,0,0,0,0,0,1,0,0,0,0
6,45.2,0,3,7,3,2,2,1,3,0,0.49278350515463915,1,0,75,0,0,0,0,0,0,0,1,0,0,1,0,1,0,0,0,0,0,0,0,0,0,0,1,0,0,0
7,41.9,1,1,2,0,1,2,1,1,1,0.9927835051546391,0,0,29,0,0,0,0,0,0,0,0,0,0,0,0,0,0,0,0,1,0,0,0,0,0,0,1,0,0,0
6,91.9,1,2,7,1,0,4,2,2,1,0.6577319587628865,2,1,33,0,1,1,0,0,0,0,0,0,0,2,0,0,1,0,0,0,0,0,0,0,0,0,0,1,0,0
5,9.9,0,1,6,2,1,1,1,0,1,0.053608247422680416,0,0,21,0,0,1,1,0,0,0,0,0,0,2,0,0,0,0,0,1,0,0,0,1,0,0,0,0,0,0
4,76.6,2,3,2,2,1,1,4,4,0,0.6824742268041237,3,1,68,0,0,1,0,0,0,0,1,0,0,2,0,0,0,1,0,0,0,0,0,0,0,0,1,0,0,0
6,71.5,1,2,2,1,1,2,2,1,1,0.09999999999999999,3,0,51,0,1,0,0,0,1,0,0,0,0,2,0,0,0,0,0,0,0,1,0,0,0,0,1,0,0,0
6,3.8,1,1,5,0,0,2,2,1,0,0.005154639175257731,0,1,23,0,0,0,0,0,1,0,1,0,0,2,0,0,1,0,0,0,0,0,0,0,0,0,1,0,0,0
6,14.8,1,1,8,1,1,2,1,2,1,0.9144329896907216,1,0,36,1,1,0,0,1,0,0,1,0,0,4,0,0,0,0,0,0,0,1,0,0,0,1,0,0,0,0
7,28.0,2,3,7,0,1,3,4,3,1,0.14639175257731957,2,1,32,1,1,0,0,0,0,0,1,0,1,4,0,0,0,0,0,0,0,1,0,0,0,1,0,0,0,0
4,83.9,2,1,9,1,2,1,1,1,1,0.4783505154639175,1,1,42,1,0,0,1,0,0,0,0,0,0,2,0,0,0,0,0,0,1,0,0,0,1,0,0,0,0,0
8,86.6,1,2,7,2,2,1,3,4,1,0.6556701030927834,0,0,59,0,0,0,1,0,0,0,0,0,0,1,0,0,1,0,0,0,0,0,0,0,0,0,1,0,0,0
8,74.4,1,3,8,3,1,3,4,3,1,0.7103092783505155,0,0,72,0,0,1,0,0,0,0,0,0,0,1,1,0,0,0,0,0,0,0,0,0,0,0,1,0,0,0
8,22.2,0,1,8,2,1,2,1,1,0,0.28659793814432993,2,1,48,0,0,1,0,1,0,0,0,0,0,2,1,0,0,0,0,0,0,0,0,0,0,0,1,0,0,0
5,50.1,2,3,2,1,1,2,2,2,1,0.8525773195876288,0,1,44,0,0,0,1,0,0,0,0,0,0,1,1,0,0,0,0,0,0,0,0,0,1,0,0,0,0,0
5,64.8,2,2,9,3,2,1,2,4,0,0.5123711340206185,2,0,67,0,0,0,0,0,0,0,1,1,0,2,0,0,1,0,0,0,0,0,0,0,0,0,1,0,0,0
7,33.0,2,2,9,3,1,3,1,3,1,0.7505154639175257,0,0,60,0,1,0,1,0,0,0,0,0,0,2,0,0,1,0,0,0,0,0,0,0,0,0,1,0,0,0
13,94.3,2,2,9,2,2,2,3,4,1,0.6855670103092782,3,0,72,0,0,0,0,1,0,0,0,0,0,1,0,0,0,0,0,1,0,0,0,0,0,0,1,0,0,0
11,69.1,1,2,4,1,2,1,2,2,0,0.6082474226804123,3,0,53,0,0,0,0,0,0,0,0,0,0,0,0,0,0,0,0,0,1,0,0,0,0,0,1,0,0,0
5,51.4,0,1,1,2,0,2,3,2,0,0.061855670103092786,1,1,47,0,0,0,1,0,0,0,0,0,1,2,0,0,0,0,0,1,0,0,0,0,0,0,1,0,0,0
4,9.6,2,1,10,1,2,4,1,1,0,0.8051546391752576,1,0,34,0,0,0,0,0,0,0,0,0,0,0,0,0,0,1,0,0,0,0,0,0,0,0,1,0,0,0
5,54.9,0,1,4,2,0,2,1,1,1,0.01443298969072165,2,0,28,0,1,0,0,0,0,1,0,0,0,2,0,0,0,0,0,0,0,1,0,0,0,0,0,1,0,0
4,23.9,1,1,6,1,1,2,2,2,1,0.5206185567010309,2,0,41,1,0,0,0,0,1,0,0,0,1,3,0,0,0,0,0,0,1,0,0,0,0,1,0,0,0,0
8,27.5,2,3,10,2,2,2,4,4,0,0.9608247422680413,3,0,92,0,0,0,0,0,0,0,0,0,0,0,0,0,0,0,0,0,1,0,0,0,0,0,1,0,0,0
9,44.8,1,3,9,0,1,2,3,3,0,0.5835051546391752,0,1,35,0,0,0,1,0,1,0,1,0,0,3,0,0,0,0,0,1,0,0,1,0,0,0,0,0,0,0
7,34.7,1,3,7,0,2,4,4,3,1,0.8247422680412371,3,1,51,0,0,0,0,0,0,0,0,0,0,0,0,1,0,0,0,0,0,0,1,0,0,0,0,0,0,0
1,68.7,1,2,8,1,2,3,4,2,1,0.25567010309278354,2,1,51,0,0,0,0,0,0,0,1,0,0,1,0,1,0,0,0,0,0,0,0,0,0,0,1,0,0,0
14,79.4,2,2,5,3,2,4,2,2,0,0.9577319587628866,3,0,68,0,0,0,0,0,0,0,0,0,1,1,0,0,0,0,0,0,0,1,0,0,0,0,1,0,0,0
11,20.1,0,3,9,1,0,1,4,2,1,0.9164948453608247,0,0,36,0,0,1,0,0,0,0,0,0,1,2,1,0,0,0,0,0,0,0,0,1,0,0,0,0,0,0
7,87.6,2,1,9,3,2,3,2,4,0,0.6123711340206185,0,1,74,0,0,0,0,0,0,0,0,1,0,1,0,0,0,0,1,0,0,0,0,0,0,0,1,0,0,0
8,54.2,0,1,5,1,0,2,1,2,1,0.5257731958762886,0,0,29,0,0,0,1,0,1,0,0,1,0,3,0,0,0,0,1,0,0,0,0,0,0,0,1,0,0,0
5,70.6,1,1,7,1,1,3,3,2,0,0.5701030927835051,2,0,41,0,0,0,0,0,0,0,0,0,1,1,0,1,0,0,0,0,0,0,0,0,1,0,0,0,0,0
12,6.2,0,1,2,0,0,1,2,1,0,0.6865979381443298,0,0,18,0,0,0,0,0,0,0,1,1,0,2,1,0,0,0,0,0,0,0,0,0,0,0,0,0,1,0
7,22.6,1,2,7,2,1,2,3,3,1,0.45051546391752584,3,1,52,0,1,1,0,0,0,0,1,0,0,3,0,0,0,0,0,0,0,1,0,0,1,0,0,0,0,0
2,16.7,1,2,9,0,1,1,4,2,1,0.7762886597938143,0,0,39,0,0,1,0,0,0,0,1,0,0,2,0,0,0,0,0,0,0,1,0,0,0,0,0,1,0,0
3,63.1,1,3,5,1,1,2,4,3,1,0.4793814432989691,1,1,45,1,0,0,0,0,0,0,0,0,0,1,0,0,0,1,0,0,0,0,1,0,0,0,0,0,0,0
6,82.7,0,1,4,2,1,2,3,0,1,0.32989690721649484,3,1,45,0,0,0,0,0,0,0,0,0,0,0,0,1,0,0,0,0,0,0,0,1,0,0,0,0,0,0
6,58.5,1,2,2,1,1,3,2,2,1,0.43505154639175264,2,0,42,0,1,0,0,0,0,0,0,0,0,1,0,1,0,0,0,0,0,0,0,0,0,0,1,0,0,0
5,17.0,0,2,3,0,1,1,4,0,0,0.4061855670103093,2,0,45,0,0,0,0,0,1,0,0,1,0,2,0,0,0,0,0,0,0,1,0,0,0,0,1,0,0,0
3,10.5,1,2,3,3,1,2,2,1,0,0.1536082474226804,2,1,53,0,0,0,0,0,0,0,0,1,0,1,0,0,0,0,1,0,0,0,0,0,0,0,1,0,0,0
11,37.6,2,2,10,2,2,2,2,4,1,0.35876288659793815,0,0,57,0,0,0,0,0,0,0,0,0,0,0,0,0,0,0,1,0,0,0,1,0,0,0,0,0,0,0
4,41.7,0,1,2,1,0,2,1,0,1,0.2185567010309278,1,0,14,1,0,0,1,0,1,0,0,1,0,4,0,0,0,0,1,0,0,0,0,0,0,0,1,0,0,0
3,8.9,0,3,4,1,0,3,4,0,1,0.2268041237113402,0,1,41,0,1,0,0,0,0,0,0,0,0,1,0,0,0,0,1,0,0,0,0,1,0,0,0,0,0,0
6,9.5,2,3,9,1,2,2,3,4,0,0.8783505154639175,2,0,70,0,0,0,0,0,0,0,0,0,0,0,1,0,0,0,0,0,0,0,0,0,0,0,1,0,0,0
5,51.8,1,3,4,1,0,2,1,1,0,0.4824742268041237,1,0,34,0,0,0,1,0,0,0,1,0,0,2,0,0,0,0,1,0,0,0,0,0,0,0,1,0,0,0
7,41.4,1,3,9,0,1,3,4,2,1,0.5051546391752577,3,1,42,0,0,0,0,1,0,0,0,0,0,1,1,0,0,0,0,0,0,0,1,0,0,0,0,0,0,0
2,45.0,0,2,2,2,0,2,1,0,0,0.07422680412371134,1,0,46,0,0,0,0,0,0,0,0,0,0,0,0,0,0,0,0,0,0,1,0,0,0,0,1,0,0,0
8,93.5,2,1,10,1,2,2,3,3,1,0.2948453608247423,1,0,48,0,0,0,0,0,1,0,0,0,0,1,0,1,0,0,0,0,0,0,1,0,0,0,0,0,0,0
8,42.0,0,1,1,1,0,2,2,1,1,0.41649484536082476,1,0,21,1,0,0,1,0,0,0,0,0,0,2,0,0,0,0,1,0,0,0,1,0,0,0,0,0,0,0
6,95.9,0,3,4,3,0,3,4,2,0,0.058762886597938144,3,1,64,0,0,0,0,0,0,0,0,0,0,0,0,0,0,0,0,0,0,1,0,0,0,0,1,0,0,0
8,4.4,0,1,5,2,1,4,2,1,0,0.22886597938144326,0,0,43,0,0,0,0,1,0,0,0,0,0,1,0,0,0,0,1,0,0,0,0,0,0,1,0,0,0,0
6,14.0,2,1,5,1,0,1,1,3,0,0.5618556701030928,1,1,46,0,0,0,0,0,0,0,0,0,0,0,0,0,0,0,0,0,0,1,0,0,0,0,1,0,0,0
5,56.0,1,2,4,1,0,4,4,1,0,0.7061855670103092,2,0,43,1,0,0,0,0,0,0,0,0,0,1,0,1,0,0,0,0,0,0,0,0,0,0,1,0,0,0
5,41.2,0,1,1,0,0,1,1,0,1,0.04639175257731959,0,0,13,0,0,0,0,1,1,0,1,0,0,3,0,1,0,0,0,0,0,0,0,0,0,0,0,1,0,0
12,32.4,2,2,9,1,2,4,3,4,0,0.811340206185567,2,0,56,0,0,0,0,0,0,0,0,0,0,0,0,0,0,0,0,1,0,0,0,0,0,0,1,0,0,0
6,4.8,2,1,5,0,1,2,3,3,1,0.40515463917525774,2,0,28,0,0,0,0,0,0,0,1,0,0,1,1,0,0,0,0,0,0,0,0,0,0,0,0,1,0,0
6,36.9,1,3,4,0,0,4,4,3,0,0.07731958762886598,1,1,25,0,0,0,1,0,0,0,0,0,0,1,0,0,0,0,1,0,0,0,0,0,0,0,0,1,0,0
8,12.7,2,2,7,2,2,2,2,4,0,0.6969072164948452,3,0,72,0,0,0,0,0,0,0,0,0,0,0,0,0,0,0,1,0,0,0,0,0,0,0,1,0,0,0
4,92.3,2,3,10,0,1,3,4,3,0,0.8350515463917525,2,1,52,1,0,0,0,0,0,0,0,0,0,1,0,0,0,0,0,1,0,0,0,0,0,0,1,0,0,0
6,62.7,0,2,2,3,0,1,4,3,0,0.6659793814432988,0,1,46,0,0,0,0,0,0,0,0,0,0,0,0,0,0,1,0,0,0,0,0,0,0,0,1,0,0,0
4,39.1,1,2,9,3,1,3,3,1,1,0.2134020618556701,3,0,50,0,0,0,0,0,0,1,0,0,1,2,0,0,0,1,0,0,0,0,0,1,0,0,0,0,0,0
10,81.2,2,1,6,1,2,3,2,4,0,0.6711340206185565,3,0,57,0,0,0,0,0,0,0,0,0,0,0,0,0,0,0,1,0,0,0,1,0,0,0,0,0,0,0
5,29.6,1,3,7,0,0,4,3,2,1,0.5577319587628866,0,0,19,1,1,0,0,1,0,0,0,0,0,3,0,0,0,0,0,1,0,0,0,0,0,0,0,1,0,0
4,48.1,2,3,7,1,1,4,4,2,0,0.27628865979381445,1,1,43,0,0,1,0,0,0,0,0,0,0,1,0,0,0,0,0,1,0,0,0,0,0,1,0,0,0,0
8,18.4,0,2,1,0,0,3,1,2,1,0.9505154639175257,3,0,24,1,1,0,0,0,0,0,0,0,0,2,0,0,0,0,0,0,0,1,1,0,0,0,0,0,0,0
12,10.0,0,1,9,3,2,2,1,1,1,0.5721649484536082,3,0,46,0,1,0,0,0,0,0,0,0,0,1,0,0,0,0,0,1,0,0,0,0,0,0,1,0,0,0
5,14.3,2,1,5,1,2,2,3,1,0,0.2206185567010309,3,0,49,0,0,0,0,1,1,0,0,0,0,2,0,1,0,0,0,0,0,0,0,0,0,0,1,0,0,0
10,60.3,2,3,5,0,1,2,3,3,0,0.6288659793814433,2,1,38,0,0,0,0,0,0,0,0,0,0,0,0,0,0,0,0,0,1,0,0,0,1,0,0,0,0,0
8,14.2,2,2,5,0,1,3,2,3,0,0.8999999999999999,0,0,28,1,0,0,0,1,0,0,1,0,0,3,0,0,0,0,1,0,0,0,0,0,0,0,0,1,0,0
5,83.3,0,2,6,3,2,2,4,2,1,0.8257731958762885,3,1,67,0,0,0,0,0,0,0,0,0,0,0,0,0,1,0,0,0,0,0,0,0,0,0,1,0,0,0
6,66.9,0,2,4,1,1,2,1,1,0,0.3536082474226804,0,0,35,1,0,0,0,0,1,0,0,1,0,3,0,0,0,1,0,0,0,0,0,0,0,0,1,0,0,0
5,73.9,0,2,1,2,0,1,3,2,1,0.4237113402061856,3,1,39,0,1,0,0,0,0,0,0,0,1,2,0,0,0,0,1,0,0,0,0,0,0,0,1,0,0,0
4,17.3,1,2,6,0,0,4,3,1,0,0.6175257731958762,3,1,36,1,0,0,0,0,0,0,0,0,0,1,0,0,1,0,0,0,0,0,0,0,0,1,0,0,0,0
3,22.2,0,3,6,1,0,4,3,1,0,0.034020618556701035,0,1,42,0,0,0,0,0,0,0,0,0,0,0,0,0,0,0,1,0,0,0,0,0,0,0,1,0,0,0
7,44.2,0,3,2,0,0,2,4,1,1,0.03298969072164949,3,0,32,0,1,0,0,0,0,0,1,0,0,2,0,1,0,0,0,0,0,0,1,0,0,0,0,0,0,0
3,29.4,2,2,5,0,0,4,3,3,0,0.5814432989690721,3,1,43,0,0,1,0,0,0,0,0,0,0,1,0,0,0,0,0,0,1,0,0,0,0,0,1,0,0,0
8,56.4,2,2,8,3,2,1,2,2,0,0.4577319587628866,1,0,71,0,0,0,0,0,0,0,0,0,0,0,0,1,0,0,0,0,0,0,0,0,0,0,1,0,0,0
7,4.2,1,2,6,2,1,3,2,3,0,0.18041237113402062,0,0,43,0,0,0,1,1,0,0,0,0,0,2,0,0,0,0,0,1,0,0,0,0,0,0,1,0,0,0
6,3.1,0,1,4,1,0,2,1,0,0,0.3865979381443299,2,0,37,0,0,0,0,1,0,0,0,0,1,2,0,0,0,0,0,0,1,0,1,0,0,0,0,0,0,0
6,35.5,0,2,3,0,2,3,1,0,0,0.33298969072164947,1,0,31,0,0,0,1,0,0,0,1,0,0,2,1,0,0,0,0,0,0,0,0,0,0,0,1,0,0,0
12,82.4,1,1,3,1,1,1,3,4,0,0.7927835051546391,0,1,41,0,0,0,1,0,0,0,0,0,0,1,0,0,0,0,0,1,0,0,0,0,0,0,0,0,0,1
2,38.8,2,1,5,2,2,1,4,2,0,0.20618556701030927,2,0,53,0,0,0,0,0,0,0,0,0,1,1,0,1,0,0,0,0,0,0,0,0,0,0,1,0,0,0
4,22.4,0,2,1,2,0,3,1,1,0,0.22164948453608246,3,1,38,0,0,0,0,0,0,0,0,0,0,0,0,0,0,0,0,0,0,1,0,0,0,0,1,0,0,0
7,63.4,0,3,5,1,2,2,2,1,0,0.5103092783505154,1,1,40,1,0,0,0,1,0,0,1,0,0,3,0,0,0,0,0,1,0,0,0,0,0,0,1,0,0,0
11,16.4,1,3,7,0,2,3,4,3,0,0.3711340206185567,3,1,47,0,0,0,0,0,0,0,0,0,0,0,0,0,0,0,0,0,0,1,0,0,1,0,0,0,0,0
2,64.9,0,2,1,2,0,2,3,0,0,0.10412371134020618,0,1,25,0,0,0,1,0,0,0,0,0,0,1,0,0,1,0,0,0,0,0,0,0,0,0,0,0,1,0
6,15.2,0,3,3,0,0,4,4,2,0,0.44020618556701036,3,0,32,0,0,0,0,0,0,0,0,0,0,0,0,1,0,0,0,0,0,0,0,0,0,1,0,0,0,0
6,50.4,0,2,1,1,0,1,4,0,0,0.11546391752577319,0,1,32,0,0,0,1,0,0,0,0,0,0,1,0,0,0,1,0,0,0,0,0,0,1,0,0,0,0,0
4,31.8,1,3,4,0,1,2,2,3,0,0.17731958762886596,2,0,39,0,0,0,0,0,1,0,0,1,0,2,0,0,0,0,1,0,0,0,0,0,1,0,0,0,0,0
5,85.6,1,2,8,2,1,1,3,1,1,0.002061855670103096,3,0,47,0,0,1,0,0,0,0,0,0,1,2,0,1,0,0,0,0,0,0,0,0,0,0,1,0,0,0
3,34.9,1,3,7,3,1,2,2,0,0,0.0845360824742268,3,0,53,0,0,0,0,0,0,0,0,0,0,0,0,1,0,0,0,0,0,0,0,0,0,0,1,0,0,0
8,76.1,2,2,9,1,2,2,2,4,0,0.7020618556701029,2,0,71,0,0,0,0,0,0,0,0,0,0,0,0,0,0,0,0,1,0,0,0,0,0,0,1,0,0,0
5,97.4,2,1,9,3,2,2,2,3,1,0.745360824742268,2,1,78,0,0,0,0,0,0,0,0,0,0,0,0,0,0,0,0,1,0,0,0,0,0,0,1,0,0,0
8,20.2,0,3,4,2,0,3,3,1,0,0.4072164948453608,0,0,45,0,0,0,1,0,0,0,0,0,0,1,0,0,0,0,1,0,0,0,0,0,0,0,1,0,0,0
9,87.1,1,1,8,3,2,1,1,3,0,0.29175257731958765,3,0,68,0,0,0,0,0,0,0,0,0,0,0,0,1,0,0,0,0,0,0,0,0,0,0,1,0,0,0
3,66.2,0,3,5,2,1,2,4,1,1,0.5639175257731959,3,0,53,0,1,0,0,0,0,0,0,0,0,1,0,0,0,0,1,0,0,0,0,0,0,0,1,0,0,0
6,55.9,1,3,9,1,2,2,3,1,0,0.19484536082474224,3,0,55,0,0,0,0,0,0,0,0,1,0,1,0,0,1,0,0,0,0,0,0,0,0,0,1,0,0,0
4,98.8,1,2,8,3,2,2,3,4,0,0.797938144329897,2,1,86,0,0,0,0,0,0,0,0,0,0,0,0,1,0,0,0,0,0,0,0,0,0,0,1,0,0,0
8,45.1,0,1,1,2,0,2,1,1,0,0.4845360824742268,1,0,47,0,0,0,0,0,0,0,0,0,0,0,0,0,0,0,0,0,0,1,0,0,0,0,1,0,0,0
3,77.9,1,3,5,2,2,1,4,3,1,0.5185567010309278,3,1,76,0,0,0,0,0,0,0,0,0,0,0,1,0,0,0,0,0,0,0,0,0,0,0,1,0,0,0
8,92.8,2,3,2,3,2,2,4,4,0,0.9030927835051545,1,1,98,0,0,0,0,0,0,0,0,0,0,0,1,0,0,0,0,0,0,0,0,0,0,0,1,0,0,0
12,3.6,0,1,4,1,0,1,1,1,1,0.8103092783505154,2,0,20,0,1,0,0,0,0,0,0,1,1,3,0,1,0,0,0,0,0,0,1,0,0,0,0,0,0,0
8,91.2,2,2,10,2,2,1,3,3,0,0.28556701030927834,1,0,77,0,0,0,0,0,0,0,0,0,0,0,0,0,0,0,0,0,1,0,0,0,0,0,1,0,0,0
5,80.5,0,2,6,2,0,1,3,2,0,0.042268041237113405,0,1,38,0,0,1,1,0,1,0,0,0,0,3,0,0,0,0,1,0,0,0,0,0,0,0,1,0,0,0
8,48.2,1,2,5,2,2,2,4,4,0,0.8567010309278349,2,0,82,0,0,0,0,0,0,0,0,0,0,0,0,1,0,0,0,0,0,0,0,0,0,0,1,0,0,0
6,40.6,2,2,6,1,0,1,2,3,1,0.48762886597938143,3,1,56,0,0,0,0,0,0,0,0,0,0,0,0,0,0,0,0,1,0,0,0,1,0,0,0,0,0,0
5,72.0,2,2,8,3,2,3,3,4,0,0.1670103092783505,1,0,77,0,0,0,1,1,0,0,0,0,0,2,1,0,0,0,0,0,0,0,0,0,0,0,1,0,0,0
6,32.5,2,1,10,1,2,2,1,3,0,0.7391752577319587,0,0,51,0,0,0,0,0,1,0,0,0,0,1,0,0,1,0,0,0,0,0,0,0,0,0,1,0,0,0
6,18.5,1,3,4,2,2,1,2,2,1,0.6948453608247422,3,1,70,0,0,0,0,0,0,0,0,0,0,0,0,0,0,0,0,0,0,1,0,0,0,0,1,0,0,0
6,24.3,0,3,5,1,2,4,1,1,1,0.45257731958762887,2,0,38,1,1,0,0,0,0,0,0,0,1,3,0,0,0,0,0,0,1,0,1,0,0,0,0,0,0,0
6,18.7,1,1,4,3,1,1,1,0,1,0.46185567010309275,1,0,45,0,0,1,1,0,0,1,0,0,0,3,1,0,0,0,0,0,0,0,0,0,0,0,1,0,0,0
9,59.5,1,3,9,2,2,2,4,3,0,0.8268041237113402,0,0,67,0,0,0,0,0,0,0,1,0,1,2,0,0,0,0,0,0,0,1,0,0,1,0,0,0,0,0
8,47.2,2,1,7,2,2,1,1,3,0,0.9237113402061855,0,0,48,0,0,0,0,0,0,0,0,0,0,0,0,0,1,0,0,0,0,0,0,0,0,0,1,0,0,0
4,60.7,2,1,2,3,1,3,1,2,0,0.5597938144329896,3,0,58,0,0,0,0,0,0,0,0,0,0,0,0,1,0,0,0,0,0,0,0,0,0,0,1,0,0,0
8,62.5,2,1,10,1,2,2,2,4,1,0.2979381443298969,0,1,60,0,0,0,0,0,1,0,0,0,0,1,1,0,0,0,0,0,0,0,0,0,0,0,1,0,0,0
11,89.7,2,3,8,2,2,1,4,4,0,0.970103092783505,0,0,84,0,0,0,0,0,0,0,0,0,0,0,0,0,0,0,0,0,0,1,0,0,0,0,1,0,0,0
2,17.2,0,1,7,2,2,2,1,1,1,0.411340206185567,1,0,29,0,0,0,0,1,0,0,1,0,0,2,1,0,0,0,0,0,0,0,0,0,1,0,0,0,0,0
4,56.6,0,2,2,2,0,2,3,1,1,0.11855670103092784,0,0,31,0,1,0,0,0,1,0,0,0,1,3,0,0,0,0,0,0,0,1,1,0,0,0,0,0,0,0
2,52.2,1,2,2,3,0,3,3,2,1,0.6298969072164948,0,0,31,0,0,0,1,0,0,0,0,1,0,2,0,0,0,0,0,0,1,0,0,1,0,0,0,0,0,0
5,90.9,1,3,4,3,2,3,4,3,0,0.8804123711340206,1,1,72,0,0,0,1,0,0,0,0,0,1,2,0,0,0,1,0,0,0,0,0,0,0,0,1,0,0,0
5,23.0,1,2,8,2,2,4,1,2,1,0.845360824742268,3,0,51,0,1,0,0,0,0,0,0,0,0,1,1,0,0,0,0,0,0,0,0,1,0,0,0,0,0,0
9,45.5,2,3,9,1,2,3,2,4,0,0.7597938144329897,3,1,68,0,0,0,0,0,0,0,1,0,0,1,1,0,0,0,0,0,0,0,0,0,0,0,1,0,0,0
6,56.3,1,2,5,2,1,2,2,4,1,0.06391752577319587,1,0,48,0,1,0,0,0,0,0,0,1,0,2,0,0,0,0,0,0,1,0,0,0,0,1,0,0,0,0
7,32.3,0,2,5,2,1,2,1,2,0,0.7855670103092783,0,0,51,0,0,0,0,0,0,0,0,0,0,0,1,0,0,0,0,0,0,0,0,0,0,0,1,0,0,0
4,11.1,0,2,2,2,0,3,2,0,0,0.3474226804123712,0,0,38,0,0,0,1,0,0,0,0,1,0,2,0,0,0,0,1,0,0,0,0,0,0,1,0,0,0,0
8,45.8,1,1,4,2,2,1,1,1,0,0.12268041237113401,2,1,45,0,0,0,0,0,0,0,0,0,0,0,0,1,0,0,0,0,0,0,0,0,1,0,0,0,0,0
5,27.0,1,2,6,2,1,3,1,2,1,0.256701030927835,1,0,45,0,0,0,0,1,0,0,0,0,0,1,0,0,0,1,0,0,0,0,0,0,0,0,1,0,0,0
11,69.6,2,2,9,3,1,4,3,2,1,0.6257731958762887,1,0,64,0,1,0,1,0,0,0,0,0,0,2,0,0,1,0,0,0,0,0,0,0,0,0,1,0,0,0
6,44.7,1,1,7,3,2,1,1,0,1,0.19999999999999998,0,0,39,0,1,0,1,0,0,0,0,0,0,2,1,0,0,0,0,0,0,0,0,0,0,0,1,0,0,0
8,23.8,0,2,1,1,0,1,2,2,0,0.3814432989690722,0,1,36,1,0,0,1,0,0,0,1,0,0,3,1,0,0,0,0,0,0,0,0,0,0,0,1,0,0,0
7,65.9,2,1,8,3,2,2,1,1,0,0.43195876288659796,1,0,60,0,0,0,0,0,0,0,0,1,1,2,0,1,0,0,0,0,0,0,0,0,0,0,1,0,0,0
8,7.5,1,1,7,0,1,1,3,2,0,0.9814432989690721,1,0,41,0,0,0,0,0,0,0,0,0,0,0,0,0,0,0,0,0,1,0,0,0,0,0,1,0,0,0
5,48.9,0,2,2,2,0,2,2,0,1,0.09896907216494845,0,1,20,0,0,0,1,0,0,0,0,0,0,1,0,0,1,0,0,0,0,0,1,0,0,0,0,0,0,0
7,20.7,0,1,2,1,1,2,1,1,1,0.20721649484536084,0,0,23,1,0,0,1,1,0,0,1,0,0,4,0,0,1,0,0,0,0,0,0,0,0,0,1,0,0,0
9,84.1,2,3,8,3,2,3,4,3,0,0.7319587628865979,3,1,95,0,0,0,0,0,0,0,0,0,1,1,1,0,0,0,0,0,0,0,0,0,0,0,1,0,0,0
6,10.2,2,3,6,0,1,3,2,3,1,0.5010309278350515,1,1,35,0,1,0,0,1,0,0,0,0,0,2,0,0,0,0,1,0,0,0,0,0,0,0,1,0,0,0
12,36.6,0,3,2,2,0,3,3,1,0,0.6762886597938144,2,0,42,0,0,1,0,0,0,0,0,0,0,1,0,0,0,0,0,0,1,0,0,0,0,0,0,1,0,0
6,72.2,2,1,5,2,1,1,3,3,1,0.8144329896907216,2,1,54,0,1,0,0,0,0,0,0,1,0,2,0,0,1,0,0,0,0,0,0,0,0,0,1,0,0,0
8,24.7,2,3,7,0,2,4,4,1,0,0.6752577319587628,3,0,42,0,0,0,0,1,0,0,1,1,0,3,0,0,0,0,1,0,0,0,1,0,0,0,0,0,0,0
4,51.7,2,3,5,2,1,2,2,1,0,0.30000000000000004,1,0,52,0,0,0,0,0,0,0,0,0,0,0,1,0,0,0,0,0,0,0,1,0,0,0,0,0,0,0
7,19.9,0,1,2,1,1,1,2,1,1,0.5278350515463918,2,0,30,0,0,0,0,1,0,0,0,0,1,2,0,0,0,0,1,0,0,0,0,0,1,0,0,0,0,0
6,71.2,0,3,1,3,1,2,4,3,1,0.24845360824742266,3,0,61,0,1,0,0,0,0,1,0,0,0,2,0,0,0,0,0,1,0,0,0,0,0,0,1,0,0,0
5,59.0,2,2,3,0,1,4,3,0,0,0.6350515463917525,1,0,27,1,0,1,0,0,0,0,0,0,0,2,0,1,0,0,0,0,0,0,0,0,0,1,0,0,0,0
9,15.1,0,3,1,1,0,4,2,1,1,0.31546391752577324,1,1,20,0,0,0,1,1,0,1,0,0,0,3,0,0,0,0,1,0,0,0,0,0,1,0,0,0,0,0
10,34.4,1,1,9,1,0,3,2,1,0,0.35154639175257735,0,0,28,0,0,0,0,0,0,0,0,0,0,0,0,0,0,0,0,0,1,0,0,0,0,0,1,0,0,0
8,65.4,1,3,6,3,2,2,4,4,0,0.579381443298969,0,1,68,0,0,0,1,0,0,0,0,0,0,1,0,0,0,0,0,1,0,0,0,0,1,0,0,0,0,0
8,19.3,1,1,3,2,0,1,1,1,1,0.5515463917525772,0,0,24,0,0,0,1,0,0,0,0,0,0,1,0,0,0,0,1,0,0,0,0,0,0,1,0,0,0,0
6,34.1,0,1,1,2,0,1,1,0,0,0.06701030927835051,3,0,36,0,0,0,0,0,0,0,1,0,0,1,0,0,0,0,0,0,0,1,1,0,0,0,0,0,0,0
6,81.7,2,3,9,3,2,2,3,3,0,0.8072164948453607,0,0,72,0,0,0,1,0,1,0,0,0,0,2,0,0,1,0,0,0,0,0,0,0,0,0,1,0,0,0
9,86.8,1,2,5,3,2,2,2,1,0,0.8546391752577319,2,0,69,0,0,0,0,0,0,0,0,0,0,0,0,0,0,0,0,0,0,1,0,0,0,0,1,0,0,0
4,84.0,2,2,5,2,2,3,3,3,1,0.747422680412371,0,0,70,0,0,0,0,0,0,1,0,0,0,1,0,0,0,1,0,0,0,0,0,0,0,0,1,0,0,0
6,90.0,0,2,3,1,0,2,4,1,0,0.14845360824742265,0,0,43,0,0,0,0,0,0,0,0,0,0,0,0,1,0,0,0,0,0,0,0,0,0,0,1,0,0,0
12,15.0,1,3,8,0,1,2,3,3,0,0.8979381443298968,0,1,33,0,0,1,1,0,0,0,0,0,0,2,0,0,0,0,0,0,1,0,0,0,0,0,0,0,0,1
5,93.8,1,2,2,1,1,3,4,3,1,0.3835051546391753,1,1,40,0,0,0,0,1,0,0,1,0,0,2,0,0,0,0,0,0,1,0,0,0,1,0,0,0,0,0
10,8.2,0,2,7,3,2,1,2,3,0,0.9515463917525773,1,0,54,0,0,0,0,0,0,0,0,0,0,0,0,0,0,0,1,0,0,0,0,0,0,0,1,0,0,0
7,53.1,1,1,3,3,0,2,1,1,0,0.06494845360824743,0,0,42,0,0,1,0,0,0,0,0,0,0,1,1,0,0,0,0,0,0,0,0,0,0,0,1,0,0,0
9,84.7,0,3,3,1,2,4,2,3,1,0.7494845360824742,1,0,45,0,0,0,1,0,0,0,0,0,0,1,1,0,0,0,0,0,0,0,0,0,1,0,0,0,0,0
5,9.3,1,2,3,1,0,2,4,3,0,0.7804123711340206,0,0,46,0,0,0,0,0,0,0,0,0,0,0,1,0,0,0,0,0,0,0,0,0,0,0,1,0,0,0
4,53.6,2,1,7,2,2,2,1,2,0,0.37422680412371134,2,0,55,0,0,0,0,0,0,0,0,0,0,0,0,0,0,0,0,0,0,1,0,0,0,0,1,0,0,0
5,66.5,1,2,6,1,2,3,1,2,1,0.33092783505154644,1,0,45,0,0,0,0,0,0,0,0,0,0,0,0,0,0,0,0,0,0,1,1,0,0,0,0,0,0,0
7,71.9,1,1,3,2,1,1,4,2,1,0.5824742268041236,1,1,52,0,0,0,0,0,0,0,0,0,0,0,0,1,0,0,0,0,0,0,0,0,0,0,1,0,0,0
10,98.3,2,2,9,3,2,3,3,3,0,0.8958762886597939,1,0,71,0,0,0,1,0,0,0,0,0,0,1,0,0,0,0,0,1,0,0,0,0,0,0,1,0,0,0
6,23.2,0,3,1,0,0,2,4,1,0,0.6072164948453608,0,1,41,0,0,0,0,0,0,0,0,0,0,0,0,0,0,1,0,0,0,0,0,0,0,0,0,0,1,0
7,70.4,0,3,2,0,0,3,4,3,0,0.1711340206185567,0,0,30,1,0,0,0,0,0,0,0,0,0,1,0,0,0,0,0,0,0,1,0,0,0,1,0,0,0,0
3,91.1,2,2,9,2,2,2,2,3,0,0.5164948453608247,1,1,69,0,0,0,0,0,0,0,0,0,0,0,0,0,1,0,0,0,0,0,0,0,0,0,1,0,0,0
9,67.0,2,3,7,2,2,2,4,4,1,0.8969072164948453,2,1,78,0,1,0,0,0,0,0,0,0,0,1,1,0,0,0,0,0,0,0,0,0,0,0,1,0,0,0
3,24.5,2,1,7,0,0,1,1,0,1,0.365979381443299,3,0,31,0,0,0,0,0,0,0,0,0,0,0,1,0,0,0,0,0,0,0,0,0,0,0,1,0,0,0
4,57.7,1,1,2,3,0,1,2,1,0,0.8731958762886598,0,0,36,0,0,0,1,0,0,0,0,0,0,1,0,0,0,0,0,1,0,0,0,0,1,0,0,0,0,0
10,58.3,1,1,2,3,1,1,2,1,0,0.4329896907216495,3,0,47,0,0,1,0,1,0,0,0,0,0,2,0,1,0,0,0,0,0,0,0,0,0,0,1,0,0,0
7,64.7,2,3,9,1,2,4,4,4,0,0.8814432989690721,1,0,72,0,0,0,0,0,0,0,1,0,0,1,1,0,0,0,0,0,0,0,0,0,0,0,1,0,0,0
5,61.3,1,2,2,2,0,1,3,2,0,0.17010309278350513,3,1,50,0,0,0,0,0,0,0,0,0,0,0,0,1,0,0,0,0,0,0,0,0,0,0,1,0,0,0
9,57.0,0,1,4,3,1,3,1,1,0,0.8329896907216494,1,0,44,0,0,0,0,1,0,0,0,0,0,1,0,0,0,0,0,0,0,1,0,0,0,0,0,1,0,0
6,31.5,1,2,6,0,0,2,2,2,0,0.5432989690721649,0,0,32,0,0,0,1,0,0,1,1,0,0,3,0,0,0,0,0,0,1,0,0,0,0,0,0,0,1,0
11,12.9,2,3,10,3,2,4,1,4,0,0.8206185567010308,3,0,79,0,0,0,0,1,0,0,0,0,0,1,0,0,0,0,0,0,0,1,0,0,0,0,1,0,0,0
5,5.7,2,1,8,1,1,1,1,0,1,0.734020618556701,3,1,39,0,0,0,0,1,0,0,1,0,0,2,1,0,0,0,0,0,0,0,0,0,1,0,0,0,0,0
5,92.5,1,2,6,3,1,3,2,3,0,0.3649484536082474,3,1,69,0,0,0,0,0,0,0,1,0,0,1,0,0,0,1,0,0,0,0,0,0,0,0,1,0,0,0
6,81.3,2,2,2,2,2,2,1,1,0,0.8587628865979381,3,0,59,0,0,0,0,0,0,0,1,0,0,1,0,1,0,0,0,0,0,0,0,0,0,0,1,0,0,0
7,75.0,2,2,7,0,1,3,4,3,1,0.5350515463917526,2,0,43,0,1,0,0,0,0,0,0,0,0,1,0,0,0,0,0,0,0,1,0,0,0,0,1,0,0,0
6,18.9,0,1,2,0,0,1,2,0,0,0.277319587628866,0,0,24,0,0,0,0,0,0,0,0,0,0,0,0,0,0,1,0,0,0,0,0,0,0,1,0,0,0,0
10,7.4,0,1,5,1,0,2,1,1,0,0.4639175257731959,3,0,42,0,0,0,0,0,0,0,0,0,0,0,0,0,0,1,0,0,0,0,0,0,1,0,0,0,0,0
8,8.8,0,3,5,2,1,3,2,1,0,0.8371134020618557,3,0,51,0,0,0,0,0,0,0,0,0,0,0,0,0,0,1,0,0,0,0,0,0,0,1,0,0,0,0
4,66.6,2,2,4,3,2,4,3,3,1,0.2752577319587629,0,0,69,0,0,0,1,0,0,0,0,0,1,2,0,0,1,0,0,0,0,0,0,0,0,0,1,0,0,0
10,78.9,1,2,8,1,1,1,3,1,0,0.7556701030927834,0,0,47,0,0,0,0,0,0,0,0,0,0,0,0,0,0,0,0,0,1,0,0,0,0,0,1,0,0,0
6,37.7,1,1,3,2,1,2,1,1,0,0.488659793814433,3,0,45,0,0,0,0,0,0,0,0,0,0,0,0,0,0,0,0,0,0,1,0,0,0,0,1,0,0,0
4,26.2,0,2,4,0,0,4,2,1,0,0.4082474226804124,3,1,19,0,0,0,0,0,0,0,1,0,0,1,0,0,1,0,0,0,0,0,0,0,0,1,0,0,0,0
5,8.6,0,1,2,1,0,1,3,1,1,0.14123711340206183,0,0,13,0,1,0,1,0,0,0,0,0,0,2,0,0,0,0,1,0,0,0,0,1,0,0,0,0,0,0
4,73.7,1,2,4,1,0,4,2,3,0,0.5670103092783505,0,0,27,1,0,0,0,0,0,0,1,0,0,2,1,0,0,0,0,0,0,0,0,0,1,0,0,0,0,0
8,8.0,0,2,1,2,0,3,1,2,1,0.21958762886597938,2,0,32,0,0,0,0,0,0,0,0,1,0,1,0,0,0,0,0,1,0,0,0,0,0,0,0,1,0,0
10,33.2,1,1,9,1,1,2,2,2,1,0.7639175257731957,2,0,39,0,0,0,0,0,0,0,1,0,0,1,0,0,0,1,0,0,0,0,0,0,0,0,0,0,1,0
3,63.0,1,2,3,1,0,2,3,1,1,0.5422680412371134,0,0,31,0,0,0,0,0,1,0,0,0,0,1,1,0,0,0,0,0,0,0,0,0,0,0,1,0,0,0
3,79.0,0,2,3,2,1,3,4,2,1,0.10309278350515465,2,0,48,0,1,0,0,0,0,1,1,0,0,3,0,0,1,0,0,0,0,0,0,0,0,0,1,0,0,0
8,64.0,2,1,7,3,2,1,2,3,0,0.7649484536082474,1,0,61,0,0,0,0,0,0,0,0,0,0,0,0,0,0,1,0,0,0,0,0,0,0,0,1,0,0,0
3,86.1,1,2,3,1,1,1,4,2,1,0.3371134020618557,1,0,49,0,0,0,0,0,1,0,0,0,0,1,0,0,0,1,0,0,0,0,0,0,0,0,1,0,0,0
6,70.9,0,1,3,3,1,3,3,0,0,0.1422680412371134,1,0,58,0,0,0,1,0,0,0,0,0,0,1,0,0,0,0,0,0,1,0,0,0,0,0,1,0,0,0
4,55.8,1,2,7,2,1,4,3,1,1,0.5474226804123711,1,0,44,0,1,0,0,0,0,0,0,1,0,2,0,0,0,0,1,0,0,0,1,0,0,0,0,0,0,0
6,97.2,0,2,1,3,0,1,2,0,1,0.8298969072164948,1,0,34,0,0,0,0,1,0,0,0,0,0,1,0,0,0,1,0,0,0,0,0,0,0,0,1,0,0,0
7,9.4,1,2,4,1,1,2,3,1,1,0.4896907216494845,3,1,39,0,0,0,0,1,0,0,0,0,0,1,0,0,0,0,0,1,0,0,0,1,0,0,0,0,0,0
7,65.3,2,1,7,2,2,2,1,3,0,0.568041237113402,2,0,64,0,0,0,0,0,1,0,0,0,0,1,1,0,0,0,0,0,0,0,0,0,0,0,1,0,0,0
8,24.2,2,1,7,3,1,1,1,3,0,0.5855670103092783,3,0,55,0,0,0,0,1,0,0,0,0,0,1,0,1,0,0,0,0,0,0,0,0,0,0,1,0,0,0
6,28.8,1,2,2,1,1,4,1,1,0,0.6690721649484536,2,0,38,0,0,0,0,1,0,0,0,0,1,2,0,0,0,1,0,0,0,0,1,0,0,0,0,0,0,0
6,61.4,2,3,9,1,2,1,2,4,0,0.40412371134020625,1,1,72,0,0,0,0,0,0,0,0,0,0,0,0,1,0,0,0,0,0,0,0,0,0,0,1,0,0,0
6,43.6,1,1,8,3,1,1,1,0,0,0.6391752577319587,0,0,48,0,0,0,1,0,0,0,0,0,0,1,0,0,0,0,0,0,1,0,0,0,0,0,1,0,0,0
5,44.9,2,3,3,2,1,2,3,2,0,0.2577319587628866,0,0,58,0,0,0,0,0,0,0,1,0,0,1,0,0,0,0,0,0,0,1,0,0,0,0,1,0,0,0
8,92.4,1,2,5,3,1,3,2,1,0,0.1979381443298969,2,0,67,0,0,0,0,0,0,0,0,1,0,1,0,0,1,0,0,0,0,0,0,0,0,0,1,0,0,0
4,16.9,2,2,2,0,0,3,3,3,1,0.36701030927835054,1,0,26,0,0,0,1,0,0,0,0,1,0,2,0,0,0,0,1,0,0,0,0,1,0,0,0,0,0,0
6,25.6,1,2,5,1,1,3,2,3,1,0.8443298969072165,0,0,46,0,0,0,0,0,0,0,0,0,0,0,0,0,0,0,1,0,0,0,0,0,0,0,1,0,0,0
8,51.5,0,3,2,0,0,3,3,2,1,0.23814432989690723,0,0,14,0,0,0,0,0,0,0,1,0,0,1,0,0,0,1,0,0,0,0,0,1,0,0,0,0,0,0
5,47.9,2,2,9,1,1,3,2,2,1,0.5948453608247423,3,1,58,0,0,0,0,0,0,0,0,0,0,0,1,0,0,0,0,0,0,0,0,0,0,0,1,0,0,0
5,61.5,2,2,7,3,2,3,2,3,1,0.6412371134020618,3,1,81,0,1,0,0,0,0,0,0,0,0,1,0,0,0,0,0,1,0,0,0,0,1,0,0,0,0,0
6,26.7,1,3,1,1,0,4,2,3,0,0.6907216494845361,0,0,29,0,0,0,1,0,0,0,0,0,0,1,0,0,0,0,0,0,1,0,0,0,0,0,1,0,0,0
6,88.7,2,3,9,0,1,2,4,3,1,0.5979381443298969,0,1,46,1,0,0,0,0,1,0,1,0,0,3,0,1,0,0,0,0,0,0,0,0,0,0,0,1,0,0
9,76.5,2,3,7,3,1,4,2,4,0,0.354639175257732,2,0,79,0,0,0,0,1,0,0,0,0,0,1,0,1,0,0,0,0,0,0,0,0,0,0,1,0,0,0
6,57.2,0,1,6,2,1,1,4,2,0,0.12577319587628863,0,0,51,0,0,0,1,0,0,0,0,0,0,1,1,0,0,0,0,0,0,0,0,0,0,0,1,0,0,0
4,57.3,0,1,2,3,0,1,3,1,0,0.4989690721649484,1,1,47,0,0,1,0,1,0,0,0,0,0,2,0,0,0,0,0,0,0,1,0,0,0,0,1,0,0,0
7,95.5,2,3,9,3,2,4,4,4,0,0.7010309278350515,3,1,99,0,0,0,0,0,0,0,0,1,0,1,0,0,0,0,1,0,0,0,0,0,0,0,1,0,0,0
7,25.4,0,1,2,0,0,4,1,1,0,0.4298969072164949,2,0,40,0,0,0,0,1,0,0,0,0,0,1,0,0,0,0,0,0,1,0,0,0,0,0,0,1,0,0
9,98.1,2,2,9,3,2,2,4,4,0,0.758762886597938,2,0,81,0,0,0,0,0,0,0,0,1,0,1,1,0,0,0,0,0,0,0,0,0,0,0,1,0,0,0
5,95.6,0,3,7,3,1,3,3,1,0,0.3216494845360825,2,1,61,0,0,0,0,0,0,0,0,0,0,0,0,0,0,0,0,1,0,0,0,0,0,0,1,0,0,0
12,60.9,2,2,10,3,2,4,4,4,0,0.545360824742268,1,1,67,0,0,0,0,0,0,1,0,0,0,1,0,0,0,0,1,0,0,0,0,0,0,0,0,0,1,0
7,85.9,1,1,2,3,1,3,2,3,1,0.790721649484536,3,1,60,0,1,0,0,0,0,0,0,0,0,1,0,0,0,1,0,0,0,0,0,0,0,0,1,0,0,0
4,98.2,0,3,2,3,0,4,3,3,1,0.30721649484536084,3,1,49,0,1,1,0,0,0,0,0,0,0,2,0,0,0,0,1,0,0,0,0,1,0,0,0,0,0,0
3,77.6,0,3,3,2,1,3,2,0,0,0.1742268041237113,1,0,52,0,0,0,1,0,0,0,0,0,0,1,0,0,0,1,0,0,0,0,0,0,0,0,1,0,0,0
5,41.3,1,2,3,2,0,3,2,3,0,0.836082474226804,0,0,39,0,0,1,1,1,0,0,0,1,0,4,0,0,0,0,0,1,0,0,0,0,0,0,1,0,0,0
8,24.6,1,2,2,1,0,1,2,1,1,0.7185567010309278,1,1,38,0,0,0,0,0,0,0,0,0,0,0,0,0,0,1,0,0,0,0,0,1,0,0,0,0,0,0
4,67.3,0,2,2,0,0,2,4,1,1,0.011340206185567008,1,0,36,0,0,0,0,0,0,0,0,0,0,0,0,0,0,0,0,0,0,1,0,0,0,0,0,1,0,0
8,71.4,2,1,7,2,2,2,1,2,0,0.7154639175257732,1,0,49,0,0,0,1,0,0,0,0,0,0,1,1,0,0,0,0,0,0,0,0,0,0,0,0,0,1,0
5,86.9,1,2,9,3,2,1,2,2,0,0.3494845360824742,3,1,70,0,0,0,0,0,0,0,0,0,0,0,0,0,0,0,0,0,1,0,0,0,0,0,1,0,0,0
5,20.5,0,3,7,0,0,3,3,2,0,0.902061855670103,0,0,23,0,0,1,0,1,0,0,0,0,0,2,0,1,0,0,0,0,0,0,0,0,1,0,0,0,0,0
9,83.5,2,1,10,0,2,3,1,3,1,0.7896907216494844,1,0,39,0,1,0,0,0,0,0,0,0,0,1,0,0,0,0,0,0,1,0,0,0,0,0,1,0,0,0
8,66.7,0,1,1,0,0,2,2,1,0,0.04432989690721649,2,0,29,1,0,0,0,0,0,0,1,0,0,2,0,0,0,0,0,0,1,0,0,0,0,1,0,0,0,0
4,82.3,2,2,3,0,2,1,4,3,0,0.0690721649484536,3,1,46,1,0,0,0,0,0,0,0,1,0,2,0,0,0,0,0,1,0,0,1,0,0,0,0,0,0,0
10,89.1,0,3,5,2,2,3,3,3,0,0.46597938144329903,1,0,69,0,0,0,0,0,0,1,0,0,0,1,0,0,0,0,0,0,0,1,0,0,1,0,0,0,0,0
11,61.7,2,2,8,0,1,4,2,3,0,0.5154639175257731,2,0,28,0,0,0,0,1,0,0,0,0,0,1,0,0,0,0,0,0,1,0,1,0,0,0,0,0,0,0
4,38.1,2,3,8,1,1,1,4,2,0,0.34845360824742266,1,1,53,0,0,1,1,0,0,0,0,0,0,2,1,0,0,0,0,0,0,0,0,0,0,0,1,0,0,0
8,55.6,2,2,9,1,1,1,2,3,1,0.5298969072164947,1,0,53,0,0,0,0,0,0,0,0,0,0,0,0,0,0,0,0,0,0,1,0,0,0,1,0,0,0,0
6,96.6,2,2,7,3,2,3,3,3,1,0.3288659793814433,2,1,84,0,0,0,0,0,0,0,0,0,0,0,0,0,0,0,0,0,0,1,0,0,0,0,1,0,0,0
10,90.5,1,3,7,2,1,3,3,2,0,0.4690721649484536,3,1,66,0,0,0,0,0,0,0,1,0,0,1,0,0,0,0,0,0,1,0,0,0,0,0,1,0,0,0
6,19.1,1,2,6,0,1,3,1,3,0,0.41855670103092785,1,0,37,0,0,0,1,0,0,0,0,0,0,1,0,0,1,0,0,0,0,0,0,0,0,0,1,0,0,0
4,21.1,0,2,2,0,0,1,3,0,0,0.2422680412371134,1,1,27,1,0,0,1,0,0,0,0,1,0,3,0,0,0,0,1,0,0,0,0,0,0,0,0,0,0,1
13,85.4,1,1,3,3,1,3,3,2,0,0.42886597938144333,2,0,49,0,0,0,0,0,0,0,0,0,1,1,1,0,0,0,0,0,0,0,0,0,0,1,0,0,0,0
5,58.2,1,2,6,0,0,3,2,3,0,0.3969072164948454,1,1,27,1,0,0,1,0,0,0,1,0,0,3,0,0,0,1,0,0,0,0,0,0,0,0,1,0,0,0
6,7.8,2,1,6,0,1,2,1,0,1,0.04536082474226805,0,0,29,1,1,0,0,1,0,0,0,0,0,3,0,0,0,0,0,0,1,0,0,1,0,0,0,0,0,0
8,39.2,0,2,2,1,0,2,2,1,0,0.8216494845360824,2,0,41,0,0,0,0,0,0,0,0,0,0,0,0,1,0,0,0,0,0,0,1,0,0,0,0,0,0,0
7,30.4,0,1,2,2,1,2,2,1,1,0.19381443298969073,1,1,33,0,1,0,0,0,1,0,1,0,0,3,0,0,0,0,0,0,1,0,0,0,0,0,0,1,0,0
11,80.2,2,3,7,3,1,2,2,4,1,0.990721649484536,2,0,71,0,1,0,0,0,0,0,0,0,0,1,0,1,0,0,0,0,0,0,0,0,0,0,1,0,0,0
3,57.6,2,2,5,3,1,2,2,3,1,0.12783505154639174,1,0,48,0,0,0,1,0,0,0,0,0,0,1,0,0,0,0,0,1,0,0,0,0,0,0,1,0,0,0
5,13.9,0,2,1,3,1,4,2,0,1,0.0907216494845361,0,0,37,0,1,0,1,0,0,0,0,0,0,2,1,0,0,0,0,0,0,0,0,0,0,0,1,0,0,0
6,81.5,2,3,5,3,2,3,3,0,0,0.5092783505154639,3,0,64,0,0,0,0,0,0,0,0,0,0,0,0,0,0,0,0,0,0,1,0,0,1,0,0,0,0,0
8,29.3,2,1,9,0,2,1,1,2,1,0.6525773195876288,0,0,48,0,0,0,0,0,0,0,0,0,0,0,0,0,0,0,0,0,1,0,0,0,0,0,1,0,0,0
7,58.7,0,2,2,1,1,2,3,1,0,0.10618556701030928,2,0,46,0,0,0,0,0,0,0,0,0,0,0,0,0,0,0,0,0,1,0,0,0,0,0,1,0,0,0
8,95.2,1,3,3,2,1,3,4,4,1,0.17216494845360822,3,0,68,0,0,0,0,0,0,0,0,0,0,0,0,1,0,0,0,0,0,0,0,0,0,0,1,0,0,0
6,56.2,0,3,8,2,0,2,4,2,1,0.3041237113402062,2,0,45,0,0,0,0,0,0,0,0,0,0,0,0,0,0,0,0,1,0,0,0,0,1,0,0,0,0,0
10,68.8,2,1,5,0,1,3,1,2,1,0.5237113402061855,0,0,17,0,1,0,0,0,0,0,0,0,0,1,0,0,0,1,0,0,0,0,0,0,0,0,1,0,0,0
2,12.0,0,1,3,2,0,2,1,0,0,0.11443298969072165,0,1,20,0,0,0,1,0,0,0,0,1,0,2,0,0,0,1,0,0,0,0,0,0,1,0,0,0,0,0
5,36.5,2,2,6,0,1,2,3,3,0,0.5536082474226804,2,0,36,0,0,0,0,0,0,0,0,0,0,0,0,0,0,0,1,0,0,0,0,0,1,0,0,0,0,0
5,47.7,0,1,3,3,1,3,2,0,0,0.5340206185567009,1,0,47,0,0,0,1,0,0,0,0,0,0,1,0,0,0,0,0,1,0,0,0,0,0,0,1,0,0,0
5,70.0,0,3,2,0,0,3,4,3,0,0.23917525773195872,0,0,35,0,0,0,1,0,0,0,0,0,0,1,1,0,0,0,0,0,0,0,0,0,0,0,1,0,0,0
6,47.5,1,1,8,2,1,2,1,3,1,0.5041237113402062,0,0,41,0,0,1,0,0,0,0,0,0,0,1,0,0,1,0,0,0,0,0,0,0,0,0,0,1,0,0
4,77.4,2,3,7,3,2,2,3,4,0,0.8432989690721648,1,0,84,0,0,0,0,0,0,0,0,1,0,1,0,1,0,0,0,0,0,0,0,0,1,0,0,0,0,0
